SPN,x,y,TWT,Vel
6159,33675,7834425,1963,1490
6159,33675,7834425,2222,1510
6159,33675,7834425,2465,1575
6159,33675,7834425,2636,1645
6159,33675,7834425,2768,1725
6159,33675,7834425,2960,1780
6159,33675,7834425,3162,1820
6159,33675,7834425,3333,1870
6159,33675,7834425,3798,2100
6159,33675,7834425,4249,2305
6159,33675,7834425,4556,2540
6159,33675,7834425,5148,2790
6159,33675,7834425,5455,2920
6159,33675,7834425,6017,2990
6159,33675,7834425,6556,3075
6159,33675,7834425,7303,3150
6159,33675,7834425,9131,3665
6159,33675,7834425,11980,4325
6185,34532,7833912,1956,1485
6185,34532,7833912,2199,1510
6185,34532,7833912,2427,1547
6185,34532,7833912,2596,1620
6185,34532,7833912,2771,1735
6185,34532,7833912,2970,1790
6185,34532,7833912,3152,1855
6185,34532,7833912,3323,1905
6185,34532,7833912,3657,2020
6185,34532,7833912,3949,2120
6185,34532,7833912,4132,2210
6185,34532,7833912,4354,2405
6185,34532,7833912,4596,2540
6185,34532,7833912,4960,2735
6185,34532,7833912,5465,2865
6185,34532,7833912,6111,2995
6185,34532,7833912,7374,3335
6185,34532,7833912,9313,3850
6185,34532,7833912,11859,4385
6212,35390,7833398,1939,1485
6212,35390,7833398,2145,1495
6212,35390,7833398,2323,1530
6212,35390,7833398,2613,1630
6212,35390,7833398,2754,1730
6212,35390,7833398,3101,1805
6212,35390,7833398,3354,1920
6212,35390,7833398,3707,2005
6212,35390,7833398,4000,2165
6212,35390,7833398,4313,2440
6212,35390,7833398,4677,2585
6212,35390,7833398,5125,2795
6212,35390,7833398,5566,2905
6212,35390,7833398,6545,3120
6212,35390,7833398,7384,3455
6212,35390,7833398,8848,3790
6212,35390,7833398,10242,4110
6212,35390,7833398,11970,4430
6239,36249,7832886,1949,1485
6239,36249,7832886,2131,1490
6239,36249,7832886,2212,1510
6239,36249,7832886,2316,1535
6239,36249,7832886,2448,1585
6239,36249,7832886,2566,1635
6239,36249,7832886,2778,1770
6239,36249,7832886,3081,1840
6239,36249,7832886,3343,1920
6239,36249,7832886,3545,1980
6239,36249,7832886,3788,2050
6239,36249,7832886,4283,2230
6239,36249,7832886,4768,2485
6239,36249,7832886,4990,2645
6239,36249,7832886,5515,2950
6239,36249,7832886,6394,3215
6239,36249,7832886,7253,3465
6239,36249,7832886,8141,3645
6239,36249,7832886,8889,3900
6239,36249,7832886,11987,4550
6265,37104,7832367,1929,1485
6265,37104,7832367,2165,1495
6265,37104,7832367,2337,1545
6265,37104,7832367,2579,1635
6265,37104,7832367,2778,1775
6265,37104,7832367,3040,1855
6265,37104,7832367,3384,1955
6265,37104,7832367,3687,2035
6265,37104,7832367,4030,2205
6265,37104,7832367,4323,2335
6265,37104,7832367,4848,2545
6265,37104,7832367,5303,2855
6265,37104,7832367,5768,3030
6265,37104,7832367,6788,3210
6265,37104,7832367,8030,3605
6265,37104,7832367,9131,3900
6265,37104,7832367,11939,4470
6292,37963,7831856,1909,1485
6292,37963,7831856,2128,1505
6292,37963,7831856,2333,1550
6292,37963,7831856,2434,1605
6292,37963,7831856,2732,1688
6292,37963,7831856,3047,1765
6292,37963,7831856,3242,1835
6292,37963,7831856,3556,2045
6292,37963,7831856,4040,2355
6292,37963,7831856,4354,2560
6292,37963,7831856,4990,2860
6292,37963,7831856,5636,3055
6292,37963,7831856,6859,3295
6292,37963,7831856,7475,3485
6292,37963,7831856,8919,3945
6292,37963,7831856,11960,4510
6319,38820,7831340,1869,1485
6319,38820,7831340,2040,1490
6319,38820,7831340,2212,1510
6319,38820,7831340,2444,1595
6319,38820,7831340,2687,1665
6319,38820,7831340,2855,1705
6319,38820,7831340,3040,1755
6319,38820,7831340,3263,1825
6319,38820,7831340,3488,1935
6319,38820,7831340,3808,2090
6319,38820,7831340,4108,2345
6319,38820,7831340,4404,2500
6319,38820,7831340,4990,2900
6319,38820,7831340,5596,3155
6319,38820,7831340,6394,3530
6319,38820,7831340,8889,3940
6319,38820,7831340,11960,4415
6345,39676,7830823,1865,1485
6345,39676,7830823,2111,1500
6345,39676,7830823,2266,1530
6345,39676,7830823,2387,1592
6345,39676,7830823,2576,1653
6345,39676,7830823,2739,1710
6345,39676,7830823,2901,1759
6345,39676,7830823,3061,1795
6345,39676,7830823,3313,1880
6345,39676,7830823,3545,1950
6345,39676,7830823,3848,2120
6345,39676,7830823,4111,2260
6345,39676,7830823,4323,2395
6345,39676,7830823,4687,2750
6345,39676,7830823,5017,2940
6345,39676,7830823,5333,3070
6345,39676,7830823,5848,3250
6345,39676,7830823,6515,3490
6345,39676,7830823,7293,3650
6345,39676,7830823,8879,3950
6345,39676,7830823,11889,4420
6372,40532,7830307,1869,1485
6372,40532,7830307,2077,1495
6372,40532,7830307,2222,1530
6372,40532,7830307,2330,1565
6372,40532,7830307,2532,1640
6372,40532,7830307,2805,1745
6372,40532,7830307,3013,1805
6372,40532,7830307,3205,1875
6372,40532,7830307,3404,1980
6372,40532,7830307,3620,2020
6372,40532,7830307,3909,2150
6372,40532,7830307,4202,2340
6372,40532,7830307,4434,2595
6372,40532,7830307,5010,2765
6372,40532,7830307,5293,2990
6372,40532,7830307,5869,3145
6372,40532,7830307,6616,3325
6372,40532,7830307,7455,3490
6372,40532,7830307,9182,3800
6372,40532,7830307,11899,4280
6399,41384,7829783,1838,1485
6399,41384,7829783,2057,1504
6399,41384,7829783,2323,1560
6399,41384,7829783,2525,1660
6399,41384,7829783,2657,1765
6399,41384,7829783,2901,1801
6399,41384,7829783,3172,1895
6399,41384,7829783,3424,1955
6399,41384,7829783,3616,2010
6399,41384,7829783,3899,2160
6399,41384,7829783,4162,2395
6399,41384,7829783,4414,2550
6399,41384,7829783,4798,2700
6399,41384,7829783,5222,2840
6399,41384,7829783,5657,2970
6399,41384,7829783,6545,3095
6399,41384,7829783,7222,3225
6399,41384,7829783,9333,3495
6399,41384,7829783,11909,4045
6425,42245,7829274,1808,1485
6425,42245,7829274,2040,1505
6425,42245,7829274,2269,1555
6425,42245,7829274,2481,1640
6425,42245,7829274,2680,1755
6425,42245,7829274,2879,1830
6425,42245,7829274,3081,1885
6425,42245,7829274,3256,1950
6425,42245,7829274,3566,2105
6425,42245,7829274,3842,2220
6425,42245,7829274,4057,2350
6425,42245,7829274,4434,2555
6425,42245,7829274,5040,2835
6425,42245,7829274,6081,3000
6425,42245,7829274,6556,3050
6425,42245,7829274,7162,3210
6425,42245,7829274,8838,3475
6425,42245,7829274,10263,3775
6425,42245,7829274,11949,4095
6452,43095,7828749,1828,1485
6452,43095,7828749,2101,1500
6452,43095,7828749,2242,1550
6452,43095,7828749,2475,1635
6452,43095,7828749,2707,1775
6452,43095,7828749,2896,1834
6452,43095,7828749,3222,1940
6452,43095,7828749,3534,2032
6452,43095,7828749,3889,2245
6452,43095,7828749,4081,2400
6452,43095,7828749,4276,2460
6452,43095,7828749,4727,2600
6452,43095,7828749,4970,2700
6452,43095,7828749,5333,2800
6452,43095,7828749,5859,2960
6452,43095,7828749,6525,3115
6452,43095,7828749,7222,3210
6452,43095,7828749,9141,3605
6452,43095,7828749,11939,4160
6479,43957,7828242,1818,1490
6479,43957,7828242,2020,1500
6479,43957,7828242,2232,1555
6479,43957,7828242,2455,1645
6479,43957,7828242,2710,1810
6479,43957,7828242,2912,1850
6479,43957,7828242,3135,1930
6479,43957,7828242,3327,2000
6479,43957,7828242,3633,2055
6479,43957,7828242,4091,2405
6479,43957,7828242,4333,2545
6479,43957,7828242,4798,2860
6479,43957,7828242,5040,2990
6479,43957,7828242,5960,3150
6479,43957,7828242,7495,3325
6479,43957,7828242,8848,3590
6479,43957,7828242,9838,3795
6479,43957,7828242,11960,4195
6505,44815,7827728,1808,1485
6505,44815,7827728,2101,1515
6505,44815,7827728,2279,1570
6505,44815,7827728,2453,1653
6505,44815,7827728,2709,1752
6505,44815,7827728,2969,1839
6505,44815,7827728,3134,1908
6505,44815,7827728,3360,2018
6505,44815,7827728,3505,2100
6505,44815,7827728,3747,2245
6505,44815,7827728,3970,2400
6505,44815,7827728,4394,2700
6505,44815,7827728,4869,2980
6505,44815,7827728,5465,3095
6505,44815,7827728,6364,3240
6505,44815,7827728,7182,3375
6505,44815,7827728,8737,3675
6505,44815,7827728,11949,4280
6532,45671,7827211,1808,1485
6532,45671,7827211,2040,1505
6532,45671,7827211,2273,1550
6532,45671,7827211,2455,1640
6532,45671,7827211,2667,1770
6532,45671,7827211,2869,1825
6532,45671,7827211,3152,1915
6532,45671,7827211,3455,2010
6532,45671,7827211,4000,2290
6532,45671,7827211,4182,2505
6532,45671,7827211,5121,2910
6532,45671,7827211,6404,3375
6532,45671,7827211,7485,3480
6532,45671,7827211,8889,3650
6532,45671,7827211,11949,4255
6559,46523,7826688,1778,1485
6559,46523,7826688,2051,1515
6559,46523,7826688,2162,1545
6559,46523,7826688,2364,1615
6559,46523,7826688,2616,1725
6559,46523,7826688,2781,1790
6559,46523,7826688,2934,1831
6559,46523,7826688,3169,1908
6559,46523,7826688,3364,1965
6559,46523,7826688,3593,2090
6559,46523,7826688,3832,2182
6559,46523,7826688,4084,2295
6559,46523,7826688,4263,2495
6559,46523,7826688,4677,2655
6559,46523,7826688,5121,2850
6559,46523,7826688,5515,2975
6559,46523,7826688,6162,3050
6559,46523,7826688,7424,3185
6559,46523,7826688,9091,3495
6559,46523,7826688,11949,4110
6585,47381,7826174,1758,1485
6585,47381,7826174,2030,1510
6585,47381,7826174,2219,1570
6585,47381,7826174,2455,1655
6585,47381,7826174,2677,1780
6585,47381,7826174,2869,1915
6585,47381,7826174,3242,2050
6585,47381,7826174,3586,2150
6585,47381,7826174,3734,2200
6585,47381,7826174,3879,2285
6585,47381,7826174,4091,2420
6585,47381,7826174,4242,2555
6585,47381,7826174,4535,2735
6585,47381,7826174,5010,2855
6585,47381,7826174,5525,2955
6585,47381,7826174,6192,3050
6585,47381,7826174,7081,3195
6585,47381,7826174,9192,3520
6585,47381,7826174,11899,4085
6612,48240,7825661,1758,1485
6612,48240,7825661,1980,1510
6612,48240,7825661,2172,1550
6612,48240,7825661,2394,1635
6612,48240,7825661,2525,1710
6612,48240,7825661,2687,1825
6612,48240,7825661,2900,1890
6612,48240,7825661,3354,2060
6612,48240,7825661,4182,2350
6612,48240,7825661,4657,2700
6612,48240,7825661,5266,2900
6612,48240,7825661,6182,3110
6612,48240,7825661,6909,3250
6612,48240,7825661,7768,3330
6612,48240,7825661,9212,3495
6612,48240,7825661,11949,4075
6639,49098,7825148,1704,1490
6639,49098,7825148,1919,1495
6639,49098,7825148,2131,1540
6639,49098,7825148,2350,1635
6639,49098,7825148,2502,1710
6639,49098,7825148,2707,1835
6639,49098,7825148,3091,1945
6639,49098,7825148,3424,2055
6639,49098,7825148,3609,2105
6639,49098,7825148,4040,2285
6639,49098,7825148,4505,2595
6639,49098,7825148,4838,2745
6639,49098,7825148,5333,2870
6639,49098,7825148,6192,2975
6639,49098,7825148,7495,3400
6639,49098,7825148,9081,3655
6639,49098,7825148,10310,3855
6639,49098,7825148,11939,4215
6665,49957,7824636,1707,1485
6665,49957,7824636,2051,1520
6665,49957,7824636,2192,1570
6665,49957,7824636,2374,1660
6665,49957,7824636,2545,1730
6665,49957,7824636,2711,1807
6665,49957,7824636,3061,1900
6665,49957,7824636,3391,2020
6665,49957,7824636,3562,2080
6665,49957,7824636,3778,2155
6665,49957,7824636,4232,2400
6665,49957,7824636,4949,2730
6665,49957,7824636,5283,2845
6665,49957,7824636,6273,3105
6665,49957,7824636,7236,3350
6665,49957,7824636,8010,3515
6665,49957,7824636,8926,3710
6665,49957,7824636,9970,3865
6665,49957,7824636,11929,4215
6692,50814,7824121,1660,1490
6692,50814,7824121,1906,1510
6692,50814,7824121,2081,1530
6692,50814,7824121,2313,1585
6692,50814,7824121,2576,1660
6692,50814,7824121,3081,1795
6692,50814,7824121,3441,2055
6692,50814,7824121,3798,2280
6692,50814,7824121,4182,2465
6692,50814,7824121,5121,2955
6692,50814,7824121,5980,3285
6692,50814,7824121,7838,3645
6692,50814,7824121,10051,3900
6692,50814,7824121,11909,4205
6719,51672,7823607,1694,1485
6719,51672,7823607,1987,1520
6719,51672,7823607,2161,1549
6719,51672,7823607,2354,1585
6719,51672,7823607,2515,1640
6719,51672,7823607,2697,1710
6719,51672,7823607,2899,1790
6719,51672,7823607,3152,1900
6719,51672,7823607,3343,1985
6719,51672,7823607,3697,2150
6719,51672,7823607,4010,2285
6719,51672,7823607,4222,2505
6719,51672,7823607,4657,2775
6719,51672,7823607,5455,3240
6719,51672,7823607,6273,3520
6719,51672,7823607,7354,3700
6719,51672,7823607,8475,3830
6719,51672,7823607,9990,3895
6719,51672,7823607,11929,4165
6745,52533,7823098,1646,1485
6745,52533,7823098,1869,1495
6745,52533,7823098,2081,1540
6745,52533,7823098,2303,1595
6745,52533,7823098,2535,1690
6745,52533,7823098,2946,1810
6745,52533,7823098,3253,1935
6745,52533,7823098,3495,2060
6745,52533,7823098,4000,2300
6745,52533,7823098,4242,2495
6745,52533,7823098,5253,2980
6745,52533,7823098,5636,3195
6745,52533,7823098,6242,3375
6745,52533,7823098,6869,3530
6745,52533,7823098,7586,3550
6745,52533,7823098,8990,3700
6745,52533,7823098,10495,3985
6745,52533,7823098,11899,4260
6772,53387,7822579,1643,1485
6772,53387,7822579,1889,1505
6772,53387,7822579,2071,1540
6772,53387,7822579,2296,1640
6772,53387,7822579,2434,1720
6772,53387,7822579,2566,1775
6772,53387,7822579,2758,1845
6772,53387,7822579,3131,1935
6772,53387,7822579,3505,2100
6772,53387,7822579,3939,2290
6772,53387,7822579,4212,2500
6772,53387,7822579,4889,2770
6772,53387,7822579,5596,3010
6772,53387,7822579,6354,3155
6772,53387,7822579,7535,3435
6772,53387,7822579,8929,3650
6772,53387,7822579,11960,4335
6799,54246,7822067,1636,1485
6799,54246,7822067,1879,1495
6799,54246,7822067,2081,1550
6799,54246,7822067,2253,1600
6799,54246,7822067,2367,1660
6799,54246,7822067,2545,1775
6799,54246,7822067,2838,1850
6799,54246,7822067,2997,1900
6799,54246,7822067,3222,1995
6799,54246,7822067,3566,2150
6799,54246,7822067,3889,2285
6799,54246,7822067,4212,2545
6799,54246,7822067,4626,2755
6799,54246,7822067,5354,2905
6799,54246,7822067,6303,3105
6799,54246,7822067,7364,3360
6799,54246,7822067,8253,3520
6799,54246,7822067,9152,3660
6799,54246,7822067,11919,4310
6825,55106,7821556,1626,1485
6825,55106,7821556,1930,1513
6825,55106,7821556,2222,1595
6825,55106,7821556,2455,1730
6825,55106,7821556,2670,1802
6825,55106,7821556,2965,1841
6825,55106,7821556,3126,1887
6825,55106,7821556,3397,2005
6825,55106,7821556,3589,2120
6825,55106,7821556,3879,2305
6825,55106,7821556,4192,2545
6825,55106,7821556,4778,2785
6825,55106,7821556,5232,2910
6825,55106,7821556,6323,3095
6825,55106,7821556,7414,3260
6825,55106,7821556,9636,3660
6825,55106,7821556,11939,4235
6852,55964,7821042,1643,1490
6852,55964,7821042,1859,1500
6852,55964,7821042,2017,1525
6852,55964,7821042,2162,1575
6852,55964,7821042,2330,1670
6852,55964,7821042,2458,1725
6852,55964,7821042,2741,1795
6852,55964,7821042,3051,1894
6852,55964,7821042,3441,2092
6852,55964,7821042,3879,2400
6852,55964,7821042,4707,2795
6852,55964,7821042,5040,2935
6852,55964,7821042,5707,3040
6852,55964,7821042,6189,3105
6852,55964,7821042,7424,3350
6852,55964,7821042,9556,3700
6852,55964,7821042,11949,4275
6879,56822,7820529,1626,1485
6879,56822,7820529,1838,1495
6879,56822,7820529,2071,1545
6879,56822,7820529,2209,1618
6879,56822,7820529,2424,1705
6879,56822,7820529,2672,1791
6879,56822,7820529,2929,1845
6879,56822,7820529,3379,1972
6879,56822,7820529,3889,2145
6879,56822,7820529,4192,2330
6879,56822,7820529,4303,2435
6879,56822,7820529,4707,2795
6879,56822,7820529,5384,3050
6879,56822,7820529,6364,3290
6879,56822,7820529,7525,3500
6879,56822,7820529,9242,3920
6879,56822,7820529,11980,4595
6905,57684,7820020,1626,1485
6905,57684,7820020,1808,1495
6905,57684,7820020,1990,1525
6905,57684,7820020,2192,1605
6905,57684,7820020,2357,1665
6905,57684,7820020,2475,1715
6905,57684,7820020,2707,1760
6905,57684,7820020,3000,1845
6905,57684,7820020,3141,1905
6905,57684,7820020,3283,1975
6905,57684,7820020,3512,2110
6905,57684,7820020,3788,2300
6905,57684,7820020,4192,2525
6905,57684,7820020,4859,2910
6905,57684,7820020,5303,3190
6905,57684,7820020,6101,3385
6905,57684,7820020,6667,3500
6905,57684,7820020,7293,3640
6905,57684,7820020,9040,4110
6905,57684,7820020,11970,4710
6932,58533,7819492,1606,1485
6932,58533,7819492,1838,1495
6932,58533,7819492,1976,1530
6932,58533,7819492,2209,1600
6932,58533,7819492,2414,1665
6932,58533,7819492,2720,1745
6932,58533,7819492,2970,1840
6932,58533,7819492,3242,1990
6932,58533,7819492,3596,2150
6932,58533,7819492,3960,2350
6932,58533,7819492,4232,2515
6932,58533,7819492,4859,3030
6932,58533,7819492,5384,3250
6932,58533,7819492,6313,3530
6932,58533,7819492,7364,3755
6932,58533,7819492,9061,4135
6932,58533,7819492,11939,4715
6959,59392,7818980,1626,1485
6959,59392,7818980,1818,1500
6959,59392,7818980,1976,1530
6959,59392,7818980,2121,1585
6959,59392,7818980,2313,1655
6959,59392,7818980,2488,1720
6959,59392,7818980,2727,1755
6959,59392,7818980,2990,1805
6959,59392,7818980,3199,1900
6959,59392,7818980,3424,1995
6959,59392,7818980,3677,2135
6959,59392,7818980,3949,2295
6959,59392,7818980,4232,2500
6959,59392,7818980,4778,2900
6959,59392,7818980,5303,3165
6959,59392,7818980,6101,3305
6959,59392,7818980,6869,3505
6959,59392,7818980,7768,3825
6959,59392,7818980,9020,4145
6959,59392,7818980,12000,4755
6985,60244,7818457,1596,1485
6985,60244,7818457,1788,1489
6985,60244,7818457,1960,1530
6985,60244,7818457,2222,1625
6985,60244,7818457,2576,1755
6985,60244,7818457,2756,1800
6985,60244,7818457,2934,1863
6985,60244,7818457,3051,1895
6985,60244,7818457,3354,2065
6985,60244,7818457,3646,2190
6985,60244,7818457,3889,2340
6985,60244,7818457,4192,2500
6985,60244,7818457,4354,2610
6985,60244,7818457,4677,2800
6985,60244,7818457,5081,2950
6985,60244,7818457,5556,3115
6985,60244,7818457,6131,3170
6985,60244,7818457,6859,3350
6985,60244,7818457,7475,3550
6985,60244,7818457,9051,3925
6985,60244,7818457,11909,4600
7012,61110,7817957,1593,1490
7012,61110,7817957,1869,1510
7012,61110,7817957,2074,1570
7012,61110,7817957,2374,1710
7012,61110,7817957,2646,1785
7012,61110,7817957,2939,1900
7012,61110,7817957,3364,2005
7012,61110,7817957,3747,2230
7012,61110,7817957,4141,2495
7012,61110,7817957,4687,2695
7012,61110,7817957,5081,2830
7012,61110,7817957,5626,2970
7012,61110,7817957,6333,3160
7012,61110,7817957,6798,3260
7012,61110,7817957,7545,3550
7012,61110,7817957,9081,3865
7012,61110,7817957,11949,4555
7039,61960,7817431,1587,1485
7039,61960,7817431,1879,1515
7039,61960,7817431,2054,1570
7039,61960,7817431,2209,1645
7039,61960,7817431,2364,1740
7039,61960,7817431,2747,1825
7039,61960,7817431,2990,1920
7039,61960,7817431,3242,2015
7039,61960,7817431,3424,2110
7039,61960,7817431,3939,2385
7039,61960,7817431,4253,2650
7039,61960,7817431,4667,2745
7039,61960,7817431,5010,2835
7039,61960,7817431,5582,2970
7039,61960,7817431,6222,3150
7039,61960,7817431,7273,3310
7039,61960,7817431,7960,3520
7039,61960,7817431,9222,3915
7039,61960,7817431,11939,4565
7065,62827,7816930,1576,1485
7065,62827,7816930,1912,1525
7065,62827,7816930,2118,1595
7065,62827,7816930,2323,1695
7065,62827,7816930,2525,1765
7065,62827,7816930,2747,1835
7065,62827,7816930,3007,1915
7065,62827,7816930,3404,2035
7065,62827,7816930,3778,2200
7065,62827,7816930,4152,2510
7065,62827,7816930,4313,2660
7065,62827,7816930,4626,2795
7065,62827,7816930,5013,2895
7065,62827,7816930,5323,2920
7065,62827,7816930,6313,3155
7065,62827,7816930,7232,3300
7065,62827,7816930,8778,3805
7065,62827,7816930,11929,4610
7092,63678,7816404,1569,1485
7092,63678,7816404,1875,1520
7092,63678,7816404,2061,1575
7092,63678,7816404,2313,1690
7092,63678,7816404,2657,1780
7092,63678,7816404,2939,1910
7092,63678,7816404,3263,2085
7092,63678,7816404,3798,2260
7092,63678,7816404,4131,2500
7092,63678,7816404,4293,2610
7092,63678,7816404,4556,2845
7092,63678,7816404,5273,2995
7092,63678,7816404,6131,3180
7092,63678,7816404,7283,3450
7092,63678,7816404,9182,3910
7092,63678,7816404,11983,4595
7119,64539,7815897,1566,1485
7119,64539,7815897,1828,1510
7119,64539,7815897,2030,1580
7119,64539,7815897,2172,1630
7119,64539,7815897,2303,1685
7119,64539,7815897,2505,1765
7119,64539,7815897,2653,1820
7119,64539,7815897,2909,1890
7119,64539,7815897,3249,1985
7119,64539,7815897,3525,2150
7119,64539,7815897,3798,2275
7119,64539,7815897,4111,2540
7119,64539,7815897,4485,2760
7119,64539,7815897,5061,2985
7119,64539,7815897,5556,3115
7119,64539,7815897,6798,3300
7119,64539,7815897,7929,3595
7119,64539,7815897,9687,4050
7119,64539,7815897,11949,4555
7145,65395,7815379,1545,1485
7145,65395,7815379,1828,1520
7145,65395,7815379,1990,1555
7145,65395,7815379,2139,1618
7145,65395,7815379,2343,1725
7145,65395,7815379,2545,1795
7145,65395,7815379,2818,1870
7145,65395,7815379,3020,1960
7145,65395,7815379,3222,2000
7145,65395,7815379,3434,2070
7145,65395,7815379,3717,2220
7145,65395,7815379,3949,2390
7145,65395,7815379,4273,2645
7145,65395,7815379,4515,2750
7145,65395,7815379,5212,3055
7145,65395,7815379,5788,3155
7145,65395,7815379,6343,3230
7145,65395,7815379,7232,3420
7145,65395,7815379,9162,3860
7145,65395,7815379,11929,4525
7172,66249,7814860,1545,1485
7172,66249,7814860,1737,1500
7172,66249,7814860,1960,1550
7172,66249,7814860,2131,1620
7172,66249,7814860,2313,1725
7172,66249,7814860,2758,1870
7172,66249,7814860,3020,1955
7172,66249,7814860,3303,2045
7172,66249,7814860,3535,2105
7172,66249,7814860,3919,2425
7172,66249,7814860,4094,2555
7172,66249,7814860,4444,2695
7172,66249,7814860,4980,2850
7172,66249,7814860,6859,3235
7172,66249,7814860,9202,3810
7172,66249,7814860,11939,4500
7199,67107,7814347,1525,1485
7199,67107,7814347,1717,1495
7199,67107,7814347,1926,1555
7199,67107,7814347,2120,1636
7199,67107,7814347,2222,1700
7199,67107,7814347,2391,1765
7199,67107,7814347,2707,1855
7199,67107,7814347,3040,1985
7199,67107,7814347,3404,2085
7199,67107,7814347,3626,2215
7199,67107,7814347,3869,2370
7199,67107,7814347,4172,2605
7199,67107,7814347,4475,2795
7199,67107,7814347,5192,3040
7199,67107,7814347,5859,3105
7199,67107,7814347,6515,3160
7199,67107,7814347,7444,3395
7199,67107,7814347,8111,3500
7199,67107,7814347,9172,3890
7199,67107,7814347,11960,4550
7225,67966,7813834,1485,1485
7225,67966,7813834,1768,1505
7225,67966,7813834,1939,1560
7225,67966,7813834,2101,1625
7225,67966,7813834,2242,1740
7225,67966,7813834,2418,1780
7225,67966,7813834,2744,1860
7225,67966,7813834,3020,1960
7225,67966,7813834,3323,2105
7225,67966,7813834,3535,2210
7225,67966,7813834,3808,2380
7225,67966,7813834,4040,2600
7225,67966,7813834,4465,2775
7225,67966,7813834,5152,2965
7225,67966,7813834,6404,3280
7225,67966,7813834,7434,3485
7225,67966,7813834,9283,3970
7225,67966,7813834,11939,4575
7252,68822,7813316,1495,1485
7252,68822,7813316,1791,1515
7252,68822,7813316,1990,1595
7252,68822,7813316,2212,1705
7252,68822,7813316,2407,1780
7252,68822,7813316,2680,1850
7252,68822,7813316,2960,1960
7252,68822,7813316,3182,2065
7252,68822,7813316,3606,2210
7252,68822,7813316,3939,2440
7252,68822,7813316,4424,2750
7252,68822,7813316,4949,2980
7252,68822,7813316,5323,3110
7252,68822,7813316,5848,3200
7252,68822,7813316,6424,3255
7252,68822,7813316,7172,3350
7252,68822,7813316,7677,3455
7252,68822,7813316,9101,3795
7252,68822,7813316,10525,4225
7252,68822,7813316,11949,4530
7279,69678,7812801,1475,1485
7279,69678,7812801,1717,1515
7279,69678,7812801,1879,1550
7279,69678,7812801,2074,1630
7279,69678,7812801,2212,1720
7279,69678,7812801,2475,1780
7279,69678,7812801,2724,1875
7279,69678,7812801,2909,1930
7279,69678,7812801,3364,2145
7279,69678,7812801,3566,2255
7279,69678,7812801,3919,2565
7279,69678,7812801,4364,2805
7279,69678,7812801,4909,3095
7279,69678,7812801,5354,3150
7279,69678,7812801,6414,3295
7279,69678,7812801,7323,3440
7279,69678,7812801,8919,3740
7279,69678,7812801,11939,4505
7305,70532,7812281,1475,1485
7305,70532,7812281,1732,1514
7305,70532,7812281,2040,1615
7305,70532,7812281,2222,1735
7305,70532,7812281,2414,1770
7305,70532,7812281,2687,1855
7305,70532,7812281,2929,1955
7305,70532,7812281,3212,2085
7305,70532,7812281,3535,2280
7305,70532,7812281,4131,2590
7305,70532,7812281,4798,3010
7305,70532,7812281,5212,3100
7305,70532,7812281,6848,3400
7305,70532,7812281,8929,3750
7305,70532,7812281,11960,4515
7332,71391,7811768,1475,1485
7332,71391,7811768,1677,1510
7332,71391,7811768,1838,1550
7332,71391,7811768,1960,1610
7332,71391,7811768,2182,1720
7332,71391,7811768,2475,1795
7332,71391,7811768,2828,1920
7332,71391,7811768,3192,2075
7332,71391,7811768,3488,2250
7332,71391,7811768,3899,2485
7332,71391,7811768,4111,2610
7332,71391,7811768,4828,3000
7332,71391,7811768,5808,3265
7332,71391,7811768,6758,3360
7332,71391,7811768,9232,3845
7332,71391,7811768,11949,4510
7359,72248,7811253,1461,1485
7359,72248,7811253,1604,1494
7359,72248,7811253,1788,1530
7359,72248,7811253,2172,1725
7359,72248,7811253,2606,1810
7359,72248,7811253,2859,1950
7359,72248,7811253,3005,2008
7359,72248,7811253,3263,2120
7359,72248,7811253,3771,2475
7359,72248,7811253,4152,2715
7359,72248,7811253,4596,2895
7359,72248,7811253,5253,3200
7359,72248,7811253,5690,3250
7359,72248,7811253,6242,3295
7359,72248,7811253,7202,3440
7359,72248,7811253,9273,3870
7359,72248,7811253,11929,4530
7385,73106,7810740,1434,1485
7385,73106,7810740,1646,1505
7385,73106,7810740,1825,1550
7385,73106,7810740,1983,1620
7385,73106,7810740,2162,1725
7385,73106,7810740,2444,1790
7385,73106,7810740,2663,1875
7385,73106,7810740,2865,1970
7385,73106,7810740,3256,2155
7385,73106,7810740,3465,2285
7385,73106,7810740,3808,2510
7385,73106,7810740,4131,2755
7385,73106,7810740,4566,2920
7385,73106,7810740,5172,3075
7385,73106,7810740,5636,3255
7385,73106,7810740,6727,3450
7385,73106,7810740,7788,3620
7385,73106,7810740,9202,3755
7385,73106,7810740,10293,3950
7385,73106,7810740,11929,4305
7412,73968,7810232,1418,1485
7412,73968,7810232,1606,1500
7412,73968,7810232,1768,1545
7412,73968,7810232,1965,1629
7412,73968,7810232,2150,1731
7412,73968,7810232,2354,1800
7412,73968,7810232,2687,1885
7412,73968,7810232,3091,2095
7412,73968,7810232,3455,2260
7412,73968,7810232,3778,2470
7412,73968,7810232,4061,2655
7412,73968,7810232,4566,2845
7412,73968,7810232,5051,3030
7412,73968,7810232,5384,3205
7412,73968,7810232,6051,3350
7412,73968,7810232,7040,3450
7412,73968,7810232,8414,3660
7412,73968,7810232,10000,3890
7412,73968,7810232,11939,4315
7439,74826,789718,1414,1485
7439,74826,789718,1593,1510
7439,74826,789718,1771,1550
7439,74826,789718,1909,1600
7439,74826,789718,2141,1710
7439,74826,789718,2475,1825
7439,74826,789718,2848,1990
7439,74826,789718,3465,2305
7439,74826,789718,3919,2600
7439,74826,789718,4586,2920
7439,74826,789718,4980,3095
7439,74826,789718,5364,3205
7439,74826,789718,6091,3285
7439,74826,789718,6869,3415
7439,74826,789718,9212,3815
7439,74826,789718,11919,4405
7465,75682,789201,1384,1480
7465,75682,789201,1576,1501
7465,75682,789201,1747,1545
7465,75682,789201,1892,1607
7465,75682,789201,2101,1725
7465,75682,789201,2318,1790
7465,75682,789201,2522,1860
7465,75682,789201,2707,1940
7465,75682,789201,2879,2025
7465,75682,789201,3253,2225
7465,75682,789201,3535,2405
7465,75682,789201,4172,2845
7465,75682,789201,5020,3125
7465,75682,789201,5448,3200
7465,75682,789201,6404,3330
7465,75682,789201,8010,3610
7465,75682,789201,10162,4015
7465,75682,789201,11939,4390
7492,76538,788683,1377,1485
7492,76538,788683,1569,1510
7492,76538,788683,1717,1545
7492,76538,788683,1912,1620
7492,76538,788683,2101,1710
7492,76538,788683,2343,1765
7492,76538,788683,2603,1875
7492,76538,788683,2805,1965
7492,76538,788683,3020,2065
7492,76538,788683,3283,2285
7492,76538,788683,3626,2495
7492,76538,788683,3960,2780
7492,76538,788683,4976,3095
7492,76538,788683,5596,3280
7492,76538,788683,6586,3460
7492,76538,788683,9141,3830
7492,76538,788683,11919,4390
7519,77396,788171,1384,1485
7519,77396,788171,1546,1498
7519,77396,788171,1723,1543
7519,77396,788171,1899,1615
7519,77396,788171,2051,1695
7519,77396,788171,2333,1775
7519,77396,788171,2525,1890
7519,77396,788171,2859,2030
7519,77396,788171,3007,2100
7519,77396,788171,3283,2270
7519,77396,788171,3690,2511
7519,77396,788171,3980,2675
7519,77396,788171,4182,2760
7519,77396,788171,4515,2940
7519,77396,788171,4960,3130
7519,77396,788171,5606,3240
7519,77396,788171,6566,3395
7519,77396,788171,7990,3655
7519,77396,788171,9091,3825
7519,77396,788171,11929,4395
7545,78255,787659,1323,1485
7545,78255,787659,1556,1510
7545,78255,787659,1727,1560
7545,78255,787659,1882,1620
7545,78255,787659,2121,1740
7545,78255,787659,2256,1770
7545,78255,787659,2465,1825
7545,78255,787659,2727,1900
7545,78255,787659,3040,2060
7545,78255,787659,3273,2220
7545,78255,787659,3566,2360
7545,78255,787659,3909,2595
7545,78255,787659,4192,2725
7545,78255,787659,4529,2885
7545,78255,787659,4949,3030
7545,78255,787659,5717,3305
7545,78255,787659,6556,3410
7545,78255,787659,7434,3565
7545,78255,787659,9212,3930
7545,78255,787659,11939,4490
7572,79107,787134,1313,1485
7572,79107,787134,1521,1510
7572,79107,787134,1677,1540
7572,79107,787134,1838,1610
7572,79107,787134,1990,1685
7572,79107,787134,2242,1780
7572,79107,787134,2465,1830
7572,79107,787134,2727,1955
7572,79107,787134,2990,2100
7572,79107,787134,3343,2295
7572,79107,787134,3889,2650
7572,79107,787134,4606,2870
7572,79107,787134,4828,2955
7572,79107,787134,5303,3095
7572,79107,787134,6222,3290
7572,79107,787134,7212,3505
7572,79107,787134,8980,3850
7572,79107,787134,11899,4515
7599,79971,786632,1317,1485
7599,79971,786632,1515,1505
7599,79971,786632,1677,1545
7599,79971,786632,1879,1625
7599,79971,786632,2040,1715
7599,79971,786632,2232,1770
7599,79971,786632,2455,1835
7599,79971,786632,2616,1930
7599,79971,786632,2754,1985
7599,79971,786632,3027,2125
7599,79971,786632,3343,2275
7599,79971,786632,3747,2535
7599,79971,786632,4051,2785
7599,79971,786632,5000,3065
7599,79971,786632,5727,3155
7599,79971,786632,6566,3290
7599,79971,786632,7990,3515
7599,79971,786632,9152,3695
7599,79971,786632,11970,4350
7625,80825,786110,1313,1485
7625,80825,786110,1510,1516
7625,80825,786110,1667,1545
7625,80825,786110,1818,1605
7625,80825,786110,2061,1730
7625,80825,786110,2253,1775
7625,80825,786110,2388,1840
7625,80825,786110,2560,1904
7625,80825,786110,2788,1975
7625,80825,786110,3071,2200
7625,80825,786110,3354,2340
7625,80825,786110,3717,2515
7625,80825,786110,4040,2735
7625,80825,786110,4313,2905
7625,80825,786110,5000,3100
7625,80825,786110,5263,3185
7625,80825,786110,5737,3290
7625,80825,786110,6253,3345
7625,80825,786110,7525,3440
7625,80825,786110,9131,3700
7625,80825,786110,11919,4335
7652,81681,785594,1273,1485
7652,81681,785594,1481,1510
7652,81681,785594,1636,1540
7652,81681,785594,1815,1605
7652,81681,785594,2010,1710
7652,81681,785594,2222,1790
7652,81681,785594,2475,1880
7652,81681,785594,2680,1960
7652,81681,785594,2879,2050
7652,81681,785594,3141,2205
7652,81681,785594,3394,2365
7652,81681,785594,3737,2550
7652,81681,785594,4111,2795
7652,81681,785594,4320,2900
7652,81681,785594,4697,3045
7652,81681,785594,5020,3100
7652,81681,785594,5475,3295
7652,81681,785594,6242,3405
7652,81681,785594,7192,3520
7652,81681,785594,8778,3670
7652,81681,785594,10192,3940
7652,81681,785594,11949,4275
7679,82542,785085,1277,1490
7679,82542,785085,1434,1500
7679,82542,785085,1576,1530
7679,82542,785085,1747,1595
7679,82542,785085,1933,1685
7679,82542,785085,2205,1780
7679,82542,785085,2458,1882
7679,82542,785085,2669,1962
7679,82542,785085,2879,2040
7679,82542,785085,3162,2210
7679,82542,785085,3391,2355
7679,82542,785085,3758,2525
7679,82542,785085,4040,2675
7679,82542,785085,4505,2915
7679,82542,785085,4788,3125
7679,82542,785085,5667,3390
7679,82542,785085,6283,3440
7679,82542,785085,7343,3535
7679,82542,785085,9384,3785
7679,82542,785085,11919,4275
7705,83396,784565,1273,1485
7705,83396,784565,1444,1495
7705,83396,784565,1589,1535
7705,83396,784565,1758,1600
7705,83396,784565,1896,1670
7705,83396,784565,2010,1720
7705,83396,784565,2323,1800
7705,83396,784565,2515,1900
7705,83396,784565,2859,2040
7705,83396,784565,3232,2270
7705,83396,784565,3485,2465
7705,83396,784565,3875,2705
7705,83396,784565,4131,2890
7705,83396,784565,4838,3195
7705,83396,784565,5707,3400
7705,83396,784565,6667,3480
7705,83396,784565,7525,3570
7705,83396,784565,9566,3745
7705,83396,784565,11929,4125
7732,84257,784055,1253,1485
7732,84257,784055,1419,1501
7732,84257,784055,1576,1535
7732,84257,784055,1727,1590
7732,84257,784055,1929,1685
7732,84257,784055,2202,1780
7732,84257,784055,2455,1890
7732,84257,784055,2697,1980
7732,84257,784055,2960,2080
7732,84257,784055,3170,2244
7732,84257,784055,3424,2420
7732,84257,784055,3828,2635
7732,84257,784055,4081,2750
7732,84257,784055,4293,2865
7732,84257,784055,4828,3155
7732,84257,784055,5768,3445
7732,84257,784055,6475,3540
7732,84257,784055,7091,3550
7732,84257,784055,8929,3700
7732,84257,784055,11949,4150
7759,85111,783537,1242,1485
7759,85111,783537,1434,1505
7759,85111,783537,1582,1545
7759,85111,783537,1721,1595
7759,85111,783537,1869,1650
7759,85111,783537,1980,1735
7759,85111,783537,2269,1780
7759,85111,783537,2451,1855
7759,85111,783537,2646,1950
7759,85111,783537,2929,2090
7759,85111,783537,3162,2245
7759,85111,783537,3502,2445
7759,85111,783537,3791,2655
7759,85111,783537,4138,2795
7759,85111,783537,4572,2965
7759,85111,783537,4902,3100
7759,85111,783537,5727,3270
7759,85111,783537,6424,3390
7759,85111,783537,7960,3585
7759,85111,783537,9707,3795
7759,85111,783537,11980,4160
7785,85971,783025,1242,1485
7785,85971,783025,1409,1504
7785,85971,783025,1596,1540
7785,85971,783025,1859,1650
7785,85971,783025,2034,1755
7785,85971,783025,2221,1792
7785,85971,783025,2474,1900
7785,85971,783025,2634,1978
7785,85971,783025,2857,2081
7785,85971,783025,3162,2260
7785,85971,783025,3498,2460
7785,85971,783025,3811,2635
7785,85971,783025,4111,2850
7785,85971,783025,4717,3025
7785,85971,783025,5081,3165
7785,85971,783025,5677,3295
7785,85971,783025,6505,3350
7785,85971,783025,7970,3550
7785,85971,783025,9505,3780
7785,85971,783025,11970,4160
7812,86835,782521,1242,1485
7812,86835,782521,1414,1510
7812,86835,782521,1657,1575
7812,86835,782521,1788,1640
7812,86835,782521,1916,1710
7812,86835,782521,2104,1750
7812,86835,782521,2273,1785
7812,86835,782521,2461,1895
7812,86835,782521,2879,2070
7812,86835,782521,3182,2285
7812,86835,782521,3643,2535
7812,86835,782521,4148,2905
7812,86835,782521,4838,3150
7812,86835,782521,5798,3200
7812,86835,782521,6515,3255
7812,86835,782521,7758,3430
7812,86835,782521,9616,3855
7812,86835,782521,11889,4205
7839,87688,782000,1242,1490
7839,87688,782000,1424,1505
7839,87688,782000,1636,1560
7839,87688,782000,1872,1690
7839,87688,782000,2082,1761
7839,87688,782000,2259,1810
7839,87688,782000,2461,1920
7839,87688,782000,2618,1987
7839,87688,782000,2859,2095
7839,87688,782000,3192,2355
7839,87688,782000,3455,2495
7839,87688,782000,4020,2800
7839,87688,782000,4384,2935
7839,87688,782000,4919,3065
7839,87688,782000,5879,3220
7839,87688,782000,6465,3395
7839,87688,782000,7485,3545
7839,87688,782000,8939,3810
7839,87688,782000,11859,4340
7865,88544,781482,1230,1487
7865,88544,781482,1401,1505
7865,88544,781482,1576,1550
7865,88544,781482,1737,1620
7865,88544,781482,1869,1705
7865,88544,781482,2104,1760
7865,88544,781482,2310,1830
7865,88544,781482,2576,1980
7865,88544,781482,2879,2125
7865,88544,781482,3232,2280
7865,88544,781482,3535,2525
7865,88544,781482,4101,2850
7865,88544,781482,4818,3090
7865,88544,781482,6465,3555
7865,88544,781482,8071,3805
7865,88544,781482,9535,4020
7865,88544,781482,11949,4480
7892,89402,78969,1229,1485
7892,89402,78969,1407,1505
7892,89402,78969,1519,1540
7892,89402,78969,1673,1603
7892,89402,78969,1835,1695
7892,89402,78969,2001,1749
7892,89402,78969,2296,1825
7892,89402,78969,2433,1909
7892,89402,78969,2586,2002
7892,89402,78969,2822,2107
7892,89402,78969,2992,2154
7892,89402,78969,3192,2300
7892,89402,78969,3660,2590
7892,89402,78969,3946,2730
7892,89402,78969,4394,2960
7892,89402,78969,4889,3195
7892,89402,78969,5869,3385
7892,89402,78969,6525,3530
7892,89402,78969,8162,3800
7892,89402,78969,9556,4045
7892,89402,78969,11919,4480
7919,90261,78456,1227,1490
7919,90261,78456,1404,1510
7919,90261,78456,1660,1585
7919,90261,78456,1859,1690
7919,90261,78456,2121,1770
7919,90261,78456,2323,1855
7919,90261,78456,2515,1940
7919,90261,78456,2710,2040
7919,90261,78456,3027,2195
7919,90261,78456,3424,2440
7919,90261,78456,3919,2705
7919,90261,78456,4384,2880
7919,90261,78456,4939,3085
7919,90261,78456,5980,3240
7919,90261,78456,7929,3555
7919,90261,78456,11970,4375
7945,91119,7799943,1242,1485
7945,91119,7799943,1396,1509
7945,91119,7799943,1616,1570
7945,91119,7799943,1859,1739
7945,91119,7799943,2141,1780
7945,91119,7799943,2354,1850
7945,91119,7799943,2788,2050
7945,91119,7799943,3104,2240
7945,91119,7799943,3287,2339
7945,91119,7799943,3677,2570
7945,91119,7799943,3838,2655
7945,91119,7799943,4404,2975
7945,91119,7799943,4828,3100
7945,91119,7799943,5899,3310
7945,91119,7799943,6768,3405
7945,91119,7799943,8152,3670
7945,91119,7799943,11919,4425
7972,91974,7799425,1216,1488
7972,91974,7799425,1455,1525
7972,91974,7799425,1626,1585
7972,91974,7799425,1825,1715
7972,91974,7799425,2202,1825
7972,91974,7799425,2424,1910
7972,91974,7799425,2576,2015
7972,91974,7799425,2899,2150
7972,91974,7799425,3192,2310
7972,91974,7799425,3455,2530
7972,91974,7799425,3899,2805
7972,91974,7799425,4333,3050
7972,91974,7799425,5141,3320
7972,91974,7799425,5929,3370
7972,91974,7799425,6455,3460
7972,91974,7799425,8212,3750
7972,91974,7799425,9646,3990
7972,91974,7799425,11960,4450
7999,92833,7798913,1222,1490
7999,92833,7798913,1463,1523
7999,92833,7798913,1616,1580
7999,92833,7798913,1848,1680
7999,92833,7798913,2111,1795
7999,92833,7798913,2415,1929
7999,92833,7798913,2828,2085
7999,92833,7798913,3047,2260
7999,92833,7798913,3242,2395
7999,92833,7798913,3495,2515
7999,92833,7798913,3906,2800
7999,92833,7798913,4111,2950
7999,92833,7798913,4374,3110
7999,92833,7798913,5121,3275
7999,92833,7798913,5343,3325
7999,92833,7798913,5939,3505
7999,92833,7798913,6545,3600
7999,92833,7798913,7606,3745
7999,92833,7798913,8327,3830
7999,92833,7798913,9242,3935
7999,92833,7798913,11970,4435
8025,93692,7798400,1224,1490
8025,93692,7798400,1404,1505
8025,93692,7798400,1620,1570
8025,93692,7798400,1862,1725
8025,93692,7798400,2077,1795
8025,93692,7798400,2263,1820
8025,93692,7798400,2576,1995
8025,93692,7798400,2848,2145
8025,93692,7798400,3222,2325
8025,93692,7798400,3545,2455
8025,93692,7798400,3687,2590
8025,93692,7798400,3869,2780
8025,93692,7798400,4000,2855
8025,93692,7798400,4333,2975
8025,93692,7798400,4768,3135
8025,93692,7798400,5323,3290
8025,93692,7798400,6172,3385
8025,93692,7798400,6939,3530
8025,93692,7798400,9152,3955
8025,93692,7798400,11970,4470
8052,94551,7797888,1239,1490
8052,94551,7797888,1357,1505
8052,94551,7797888,1603,1565
8052,94551,7797888,1795,1685
8052,94551,7797888,1966,1760
8052,94551,7797888,2172,1810
8052,94551,7797888,2394,1895
8052,94551,7797888,2587,1967
8052,94551,7797888,2744,2050
8052,94551,7797888,3051,2150
8052,94551,7797888,3290,2305
8052,94551,7797888,3646,2545
8052,94551,7797888,4303,2975
8052,94551,7797888,4737,3160
8052,94551,7797888,5370,3300
8052,94551,7797888,5899,3365
8052,94551,7797888,6545,3465
8052,94551,7797888,7838,3710
8052,94551,7797888,8949,3870
8052,94551,7797888,11939,4460
8079,95401,7797362,1220,1490
8079,95401,7797362,1394,1510
8079,95401,7797362,1495,1555
8079,95401,7797362,1626,1585
8079,95401,7797362,1778,1700
8079,95401,7797362,1886,1751
8079,95401,7797362,2148,1835
8079,95401,7797362,2397,1920
8079,95401,7797362,2586,1980
8079,95401,7797362,2747,2025
8079,95401,7797362,3071,2185
8079,95401,7797362,3323,2365
8079,95401,7797362,3556,2545
8079,95401,7797362,3909,2755
8079,95401,7797362,4253,2870
8079,95401,7797362,4828,3140
8079,95401,7797362,5869,3385
8079,95401,7797362,6616,3505
8079,95401,7797362,9182,3905
8079,95401,7797362,11980,4465
8105,96265,7796859,1226,1490
8105,96265,7796859,1485,1520
8105,96265,7796859,1576,1540
8105,96265,7796859,1798,1675
8105,96265,7796859,2101,1775
8105,96265,7796859,2404,1915
8105,96265,7796859,2737,2050
8105,96265,7796859,3061,2200
8105,96265,7796859,3340,2340
8105,96265,7796859,3606,2565
8105,96265,7796859,3899,2755
8105,96265,7796859,4303,2975
8105,96265,7796859,4616,3145
8105,96265,7796859,5364,3265
8105,96265,7796859,5848,3345
8105,96265,7796859,6343,3440
8105,96265,7796859,7061,3535
8105,96265,7796859,8111,3780
8105,96265,7796859,9848,4095
8105,96265,7796859,11970,4440
8132,97180,7796465,1202,1485
8132,97180,7796465,1363,1508
8132,97180,7796465,1596,1570
8132,97180,7796465,1811,1710
8132,97180,7796465,2020,1785
8132,97180,7796465,2199,1840
8132,97180,7796465,2394,1905
8132,97180,7796465,2576,1995
8132,97180,7796465,2781,2105
8132,97180,7796465,3047,2235
8132,97180,7796465,3303,2415
8132,97180,7796465,3929,2750
8132,97180,7796465,4293,2970
8132,97180,7796465,4646,3140
8132,97180,7796465,5162,3215
8132,97180,7796465,6101,3405
8132,97180,7796465,7202,3570
8132,97180,7796465,8071,3740
8132,97180,7796465,11939,4505
8159,98109,7796099,1192,1485
8159,98109,7796099,1437,1511
8159,98109,7796099,1599,1570
8159,98109,7796099,1851,1750
8159,98109,7796099,2002,1788
8159,98109,7796099,2200,1825
8159,98109,7796099,2414,1920
8159,98109,7796099,2616,2000
8159,98109,7796099,2798,2080
8159,98109,7796099,3061,2240
8159,98109,7796099,3333,2410
8159,98109,7796099,3593,2600
8159,98109,7796099,3919,2800
8159,98109,7796099,4273,3000
8159,98109,7796099,4650,3183
8159,98109,7796099,5313,3315
8159,98109,7796099,6172,3450
8159,98109,7796099,7919,3725
8159,98109,7796099,9091,3895
8159,98109,7796099,11929,4470
8185,99043,7795740,1212,1485
8185,99043,7795740,1438,1500
8185,99043,7795740,1667,1610
8185,99043,7795740,1869,1735
8185,99043,7795740,1980,1785
8185,99043,7795740,2222,1835
8185,99043,7795740,2418,1900
8185,99043,7795740,2586,1990
8185,99043,7795740,2798,2075
8185,99043,7795740,3057,2205
8185,99043,7795740,3333,2335
8185,99043,7795740,3606,2575
8185,99043,7795740,3778,2675
8185,99043,7795740,4276,3000
8185,99043,7795740,4630,3180
8185,99043,7795740,5077,3255
8185,99043,7795740,7667,3615
8185,99043,7795740,9444,3910
8185,99043,7795740,11970,4420
8212,99970,7795365,1203,1485
8212,99970,7795365,1414,1500
8212,99970,7795365,1667,1580
8212,99970,7795365,1811,1705
8212,99970,7795365,2152,1800
8212,99970,7795365,2404,1905
8212,99970,7795365,2570,1965
8212,99970,7795365,2747,2060
8212,99970,7795365,3057,2240
8212,99970,7795365,3286,2365
8212,99970,7795365,3616,2560
8212,99970,7795365,3815,2650
8212,99970,7795365,4273,2910
8212,99970,7795365,4626,3170
8212,99970,7795365,5057,3240
8212,99970,7795365,5899,3405
8212,99970,7795365,6919,3530
8212,99970,7795365,8152,3695
8212,99970,7795365,9939,4050
8212,99970,7795365,11929,4435
8239,1901,7795000,1219,1490
8239,1901,7795000,1374,1495
8239,1901,7795000,1465,1530
8239,1901,7795000,1657,1580
8239,1901,7795000,1835,1695
8239,1901,7795000,2141,1785
8239,1901,7795000,2411,1890
8239,1901,7795000,2778,2110
8239,1901,7795000,3061,2240
8239,1901,7795000,3303,2375
8239,1901,7795000,3596,2550
8239,1901,7795000,3879,2695
8239,1901,7795000,4242,2985
8239,1901,7795000,4596,3220
8239,1901,7795000,5138,3292
8239,1901,7795000,5859,3340
8239,1901,7795000,6404,3425
8239,1901,7795000,7212,3490
8239,1901,7795000,8212,3630
8239,1901,7795000,10485,4015
8239,1901,7795000,11949,4285
8265,11832,7794636,1229,1490
8265,11832,7794636,1424,1495
8265,11832,7794636,1616,1560
8265,11832,7794636,1778,1660
8265,11832,7794636,1991,1768
8265,11832,7794636,2219,1814
8265,11832,7794636,2434,1885
8265,11832,7794636,2586,1970
8265,11832,7794636,2808,2060
8265,11832,7794636,3121,2245
8265,11832,7794636,3293,2355
8265,11832,7794636,3535,2515
8265,11832,7794636,3909,2740
8265,11832,7794636,4253,2930
8265,11832,7794636,4451,3034
8265,11832,7794636,4610,3097
8265,11832,7794636,4841,3191
8265,11832,7794636,5152,3240
8265,11832,7794636,5838,3365
8265,11832,7794636,6485,3510
8265,11832,7794636,7747,3630
8265,11832,7794636,8626,3740
8265,11832,7794636,11949,4300
8292,12766,7794279,1234,1494
8292,12766,7794279,1397,1508
8292,12766,7794279,1630,1575
8292,12766,7794279,1768,1659
8292,12766,7794279,1926,1725
8292,12766,7794279,2152,1780
8292,12766,7794279,2465,1900
8292,12766,7794279,2636,1990
8292,12766,7794279,2848,2075
8292,12766,7794279,3071,2240
8292,12766,7794279,3303,2400
8292,12766,7794279,3556,2510
8292,12766,7794279,3828,2640
8292,12766,7794279,4081,2840
8292,12766,7794279,4640,3090
8292,12766,7794279,4896,3180
8292,12766,7794279,5118,3230
8292,12766,7794279,5778,3455
8292,12766,7794279,6646,3605
8292,12766,7794279,8333,3770
8292,12766,7794279,11929,4350
8319,13699,7793919,1253,1495
8319,13699,7793919,1424,1510
8319,13699,7793919,1646,1570
8319,13699,7793919,1852,1700
8319,13699,7793919,2094,1785
8319,13699,7793919,2316,1835
8319,13699,7793919,2438,1895
8319,13699,7793919,2586,2000
8319,13699,7793919,2774,2085
8319,13699,7793919,2929,2145
8319,13699,7793919,3273,2395
8319,13699,7793919,3586,2555
8319,13699,7793919,3909,2715
8319,13699,7793919,4293,2985
8319,13699,7793919,4646,3090
8319,13699,7793919,5303,3250
8319,13699,7793919,5919,3380
8319,13699,7793919,6939,3580
8319,13699,7793919,8313,3765
8319,13699,7793919,11869,4350
8345,14624,7793538,1239,1492
8345,14624,7793538,1398,1502
8345,14624,7793538,1646,1570
8345,14624,7793538,1848,1705
8345,14624,7793538,2212,1815
8345,14624,7793538,2401,1880
8345,14624,7793538,2596,1975
8345,14624,7793538,2818,2060
8345,14624,7793538,2960,2150
8345,14624,7793538,3162,2230
8345,14624,7793538,3404,2375
8345,14624,7793538,3636,2455
8345,14624,7793538,3919,2645
8345,14624,7793538,4253,2855
8345,14624,7793538,4636,3050
8345,14624,7793538,5172,3140
8345,14624,7793538,5828,3250
8345,14624,7793538,6788,3410
8345,14624,7793538,8101,3660
8345,14624,7793538,10414,3995
8345,14624,7793538,11889,4205
8372,15561,7793187,1266,1485
8372,15561,7793187,1455,1510
8372,15561,7793187,1616,1550
8372,15561,7793187,1879,1715
8372,15561,7793187,2187,1807
8372,15561,7793187,2424,1915
8372,15561,7793187,2657,1980
8372,15561,7793187,2899,2080
8372,15561,7793187,3121,2210
8372,15561,7793187,3283,2285
8372,15561,7793187,3556,2445
8372,15561,7793187,4061,2830
8372,15561,7793187,4283,2935
8372,15561,7793187,4697,3115
8372,15561,7793187,5404,3220
8372,15561,7793187,6071,3450
8372,15561,7793187,7374,3620
8372,15561,7793187,8970,3745
8372,15561,7793187,11919,4215
8399,16492,7792822,1253,1485
8399,16492,7792822,1424,1505
8399,16492,7792822,1616,1550
8399,16492,7792822,1869,1695
8399,16492,7792822,2030,1745
8399,16492,7792822,2202,1810
8399,16492,7792822,2485,1920
8399,16492,7792822,2838,2070
8399,16492,7792822,3152,2265
8399,16492,7792822,3374,2375
8399,16492,7792822,3616,2565
8399,16492,7792822,4121,2855
8399,16492,7792822,4687,3050
8399,16492,7792822,4734,3075
8399,16492,7792822,5455,3235
8399,16492,7792822,5899,3410
8399,16492,7792822,6818,3530
8399,16492,7792822,9545,3825
8399,16492,7792822,11929,4245
8425,17419,7792444,1245,1490
8425,17419,7792444,1434,1500
8425,17419,7792444,1626,1545
8425,17419,7792444,1838,1675
8425,17419,7792444,1980,1725
8425,17419,7792444,2147,1772
8425,17419,7792444,2364,1835
8425,17419,7792444,2631,1945
8425,17419,7792444,2919,2060
8425,17419,7792444,3152,2255
8425,17419,7792444,3394,2445
8425,17419,7792444,4111,2765
8425,17419,7792444,4394,2905
8425,17419,7792444,4636,3105
8425,17419,7792444,5424,3240
8425,17419,7792444,6172,3420
8425,17419,7792444,7212,3525
8425,17419,7792444,8333,3640
8425,17419,7792444,11879,4215
8452,18351,7792081,1283,1485
8452,18351,7792081,1455,1495
8452,18351,7792081,1677,1560
8452,18351,7792081,1879,1675
8452,18351,7792081,2192,1775
8452,18351,7792081,2387,1805
8452,18351,7792081,2626,1940
8452,18351,7792081,2929,2080
8452,18351,7792081,3141,2275
8452,18351,7792081,3667,2615
8452,18351,7792081,4162,2905
8452,18351,7792081,4717,3110
8452,18351,7792081,5071,3165
8452,18351,7792081,5545,3265
8452,18351,7792081,6071,3385
8452,18351,7792081,7939,3565
8452,18351,7792081,9949,3880
8452,18351,7792081,11949,4225
8479,19287,7791728,1266,1485
8479,19287,7791728,1444,1505
8479,19287,7791728,1677,1560
8479,19287,7791728,1822,1630
8479,19287,7791728,1980,1705
8479,19287,7791728,2232,1805
8479,19287,7791728,2505,1904
8479,19287,7791728,2667,1975
8479,19287,7791728,2889,2030
8479,19287,7791728,3182,2215
8479,19287,7791728,3434,2380
8479,19287,7791728,3717,2500
8479,19287,7791728,4020,2650
8479,19287,7791728,4384,2915
8479,19287,7791728,4687,3075
8479,19287,7791728,5111,3200
8479,19287,7791728,5707,3300
8479,19287,7791728,6192,3400
8479,19287,7791728,6879,3460
8479,19287,7791728,8202,3605
8479,19287,7791728,9566,3810
8479,19287,7791728,11939,4215
8505,110216,7791358,1268,1487
8505,110216,7791358,1468,1510
8505,110216,7791358,1660,1545
8505,110216,7791358,1848,1625
8505,110216,7791358,2010,1700
8505,110216,7791358,2303,1821
8505,110216,7791358,2535,1940
8505,110216,7791358,2838,2060
8505,110216,7791358,3202,2210
8505,110216,7791358,3485,2360
8505,110216,7791358,3737,2560
8505,110216,7791358,3960,2680
8505,110216,7791358,4424,2875
8505,110216,7791358,5091,3155
8505,110216,7791358,5444,3250
8505,110216,7791358,6293,3435
8505,110216,7791358,7606,3510
8505,110216,7791358,9111,3705
8505,110216,7791358,11899,4180
8532,111149,7790997,1259,1485
8532,111149,7790997,1471,1505
8532,111149,7790997,1664,1558
8532,111149,7790997,1835,1625
8532,111149,7790997,2003,1715
8532,111149,7790997,2210,1780
8532,111149,7790997,2362,1829
8532,111149,7790997,2566,1970
8532,111149,7790997,2909,2050
8532,111149,7790997,3111,2185
8532,111149,7790997,3444,2365
8532,111149,7790997,3788,2620
8532,111149,7790997,4192,2830
8532,111149,7790997,4424,2920
8532,111149,7790997,5152,3145
8532,111149,7790997,5707,3380
8532,111149,7790997,6000,3500
8532,111149,7790997,6283,3555
8532,111149,7790997,7657,3610
8532,111149,7790997,8222,3625
8532,111149,7790997,9727,3765
8532,111149,7790997,11899,4195
8559,112080,7790631,1283,1490
8559,112080,7790631,1424,1495
8559,112080,7790631,1569,1535
8559,112080,7790631,1707,1575
8559,112080,7790631,1879,1640
8559,112080,7790631,2071,1720
8559,112080,7790631,2222,1780
8559,112080,7790631,2535,1945
8559,112080,7790631,2727,2045
8559,112080,7790631,2869,2085
8559,112080,7790631,3212,2275
8559,112080,7790631,3475,2395
8559,112080,7790631,3818,2605
8559,112080,7790631,4441,2900
8559,112080,7790631,5152,3065
8559,112080,7790631,5737,3215
8559,112080,7790631,7424,3425
8559,112080,7790631,9707,3755
8559,112080,7790631,11899,4200
8585,113018,7790284,1257,1493
8585,113018,7790284,1422,1500
8585,113018,7790284,1589,1535
8585,113018,7790284,1727,1590
8585,113018,7790284,1909,1675
8585,113018,7790284,2037,1735
8585,113018,7790284,2293,1830
8585,113018,7790284,2485,1900
8585,113018,7790284,2848,2040
8585,113018,7790284,3020,2110
8585,113018,7790284,3182,2245
8585,113018,7790284,3485,2355
8585,113018,7790284,3758,2495
8585,113018,7790284,4101,2685
8585,113018,7790284,4434,2885
8585,113018,7790284,4761,3060
8585,113018,7790284,5222,3130
8585,113018,7790284,5657,3170
8585,113018,7790284,6202,3305
8585,113018,7790284,7303,3495
8585,113018,7790284,9808,3795
8585,113018,7790284,11919,4205
8612,113946,7789913,1275,1493
8612,113946,7789913,1444,1505
8612,113946,7789913,1636,1545
8612,113946,7789913,1751,1600
8612,113946,7789913,1909,1675
8612,113946,7789913,2040,1755
8612,113946,7789913,2293,1810
8612,113946,7789913,2505,1940
8612,113946,7789913,2758,2050
8612,113946,7789913,2990,2120
8612,113946,7789913,3253,2230
8612,113946,7789913,3495,2475
8612,113946,7789913,3788,2620
8612,113946,7789913,4051,2775
8612,113946,7789913,4434,3000
8612,113946,7789913,4808,3135
8612,113946,7789913,5323,3360
8612,113946,7789913,5677,3405
8612,113946,7789913,6081,3465
8612,113946,7789913,6919,3515
8612,113946,7789913,7657,3575
8612,113946,7789913,9465,3790
8612,113946,7789913,11939,4295
8639,114878,7789551,1286,1485
8639,114878,7789551,1471,1505
8639,114878,7789551,1653,1560
8639,114878,7789551,1909,1660
8639,114878,7789551,2065,1759
8639,114878,7789551,2303,1860
8639,114878,7789551,2535,1955
8639,114878,7789551,2747,2030
8639,114878,7789551,2993,2115
8639,114878,7789551,3273,2320
8639,114878,7789551,3495,2425
8639,114878,7789551,3741,2550
8639,114878,7789551,4056,2765
8639,114878,7789551,4404,3000
8639,114878,7789551,4616,3075
8639,114878,7789551,5222,3270
8639,114878,7789551,5576,3330
8639,114878,7789551,6030,3410
8639,114878,7789551,6646,3465
8639,114878,7789551,8040,3590
8639,114878,7789551,9667,3855
8639,114878,7789551,11909,4305
8665,115813,7789195,1263,1485
8665,115813,7789195,1438,1500
8665,115813,7789195,1579,1535
8665,115813,7789195,1737,1590
8665,115813,7789195,1929,1670
8665,115813,7789195,2097,1762
8665,115813,7789195,2296,1825
8665,115813,7789195,2425,1889
8665,115813,7789195,2572,1945
8665,115813,7789195,2842,2065
8665,115813,7789195,2997,2130
8665,115813,7789195,3158,2210
8665,115813,7789195,3290,2285
8665,115813,7789195,3465,2395
8665,115813,7789195,3747,2600
8665,115813,7789195,4020,2705
8665,115813,7789195,4404,2885
8665,115813,7789195,4636,3000
8665,115813,7789195,5364,3330
8665,115813,7789195,6222,3380
8665,115813,7789195,6808,3420
8665,115813,7789195,7535,3505
8665,115813,7789195,8859,3685
8665,115813,7789195,11949,4315
8692,116743,7788828,1261,1488
8692,116743,7788828,1423,1495
8692,116743,7788828,1556,1525
8692,116743,7788828,1727,1590
8692,116743,7788828,2020,1720
8692,116743,7788828,2242,1770
8692,116743,7788828,2535,1950
8692,116743,7788828,2808,2045
8692,116743,7788828,3222,2265
8692,116743,7788828,3525,2400
8692,116743,7788828,3727,2600
8692,116743,7788828,4051,2805
8692,116743,7788828,4394,3010
8692,116743,7788828,4727,3125
8692,116743,7788828,5040,3250
8692,116743,7788828,5781,3305
8692,116743,7788828,6199,3355
8692,116743,7788828,7051,3460
8692,116743,7788828,8949,3715
8692,116743,7788828,11939,4320
8719,117674,7788462,1273,1489
8719,117674,7788462,1485,1500
8719,117674,7788462,1667,1525
8719,117674,7788462,1818,1605
8719,117674,7788462,2040,1715
8719,117674,7788462,2337,1835
8719,117674,7788462,2579,1960
8719,117674,7788462,2838,2070
8719,117674,7788462,3030,2155
8719,117674,7788462,3236,2235
8719,117674,7788462,3535,2480
8719,117674,7788462,3879,2655
8719,117674,7788462,4178,2785
8719,117674,7788462,4354,2940
8719,117674,7788462,5030,3165
8719,117674,7788462,5909,3280
8719,117674,7788462,6657,3380
8719,117674,7788462,8263,3585
8719,117674,7788462,11919,4365
8745,118609,7788108,1260,1488
8745,118609,7788108,1502,1508
8745,118609,7788108,1758,1590
8745,118609,7788108,2044,1720
8745,118609,7788108,2357,1835
8745,118609,7788108,2572,1910
8745,118609,7788108,2845,2030
8745,118609,7788108,3027,2135
8745,118609,7788108,3192,2225
8745,118609,7788108,3471,2370
8745,118609,7788108,3761,2545
8745,118609,7788108,4131,2830
8745,118609,7788108,4566,2985
8745,118609,7788108,5030,3090
8745,118609,7788108,5707,3215
8745,118609,7788108,6277,3318
8745,118609,7788108,6939,3400
8745,118609,7788108,8313,3585
8745,118609,7788108,11879,4360
8772,119541,7787744,1271,1490
8772,119541,7787744,1495,1510
8772,119541,7787744,1663,1545
8772,119541,7787744,1778,1595
8772,119541,7787744,1980,1690
8772,119541,7787744,2121,1785
8772,119541,7787744,2350,1855
8772,119541,7787744,2505,1910
8772,119541,7787744,2852,2060
8772,119541,7787744,2970,2135
8772,119541,7787744,3212,2255
8772,119541,7787744,3505,2405
8772,119541,7787744,3761,2560
8772,119541,7787744,4232,2800
8772,119541,7787744,4747,2930
8772,119541,7787744,5131,3060
8772,119541,7787744,5929,3250
8772,119541,7787744,6313,3315
8772,119541,7787744,7626,3485
8772,119541,7787744,11929,4370
8799,120477,7787394,1262,1490
8799,120477,7787394,1505,1510
8799,120477,7787394,1764,1590
8799,120477,7787394,1983,1690
8799,120477,7787394,2131,1760
8799,120477,7787394,2335,1851
8799,120477,7787394,2586,1935
8799,120477,7787394,2828,2015
8799,120477,7787394,3000,2105
8799,120477,7787394,3192,2235
8799,120477,7787394,3323,2345
8799,120477,7787394,3505,2440
8799,120477,7787394,4182,2835
8799,120477,7787394,4364,2995
8799,120477,7787394,4741,3062
8799,120477,7787394,5242,3175
8799,120477,7787394,5848,3230
8799,120477,7787394,6616,3345
8799,120477,7787394,7838,3505
8799,120477,7787394,9293,3830
8799,120477,7787394,11889,4345
8825,121405,7787022,1271,1490
8825,121405,7787022,1532,1520
8825,121405,7787022,1690,1565
8825,121405,7787022,1875,1640
8825,121405,7787022,2003,1695
8825,121405,7787022,2364,1840
8825,121405,7787022,2596,1940
8825,121405,7787022,2859,2045
8825,121405,7787022,3000,2120
8825,121405,7787022,3242,2310
8825,121405,7787022,3495,2395
8825,121405,7787022,3960,2650
8825,121405,7787022,4374,2850
8825,121405,7787022,4717,3035
8825,121405,7787022,5051,3150
8825,121405,7787022,5899,3305
8825,121405,7787022,6970,3390
8825,121405,7787022,9081,3770
8825,121405,7787022,11949,4355
8852,122337,7786657,1263,1485
8852,122337,7786657,1508,1505
8852,122337,7786657,1680,1560
8852,122337,7786657,1916,1655
8852,122337,7786657,2101,1740
8852,122337,7786657,2498,1900
8852,122337,7786657,2617,1934
8852,122337,7786657,2859,2070
8852,122337,7786657,3040,2185
8852,122337,7786657,3589,2425
8852,122337,7786657,3980,2685
8852,122337,7786657,4273,2875
8852,122337,7786657,4677,3095
8852,122337,7786657,5455,3220
8852,122337,7786657,6323,3290
8852,122337,7786657,7131,3405
8852,122337,7786657,9051,3705
8852,122337,7786657,11949,4335
8879,123271,7786300,1279,1490
8879,123271,7786300,1519,1515
8879,123271,7786300,1694,1565
8879,123271,7786300,1869,1630
8879,123271,7786300,2061,1720
8879,123271,7786300,2211,1805
8879,123271,7786300,2414,1850
8879,123271,7786300,2754,2010
8879,123271,7786300,3064,2170
8879,123271,7786300,3354,2355
8879,123271,7786300,3616,2545
8879,123271,7786300,3929,2740
8879,123271,7786300,4374,2960
8879,123271,7786300,4737,3050
8879,123271,7786300,5182,3155
8879,123271,7786300,6343,3445
8879,123271,7786300,7596,3540
8879,123271,7786300,9071,3710
8879,123271,7786300,11949,4330
8905,124200,7785930,1266,1485
8905,124200,7785930,1504,1512
8905,124200,7785930,1798,1580
8905,124200,7785930,1970,1675
8905,124200,7785930,2121,1745
8905,124200,7785930,2273,1809
8905,124200,7785930,2433,1873
8905,124200,7785930,2616,1930
8905,124200,7785930,2771,2019
8905,124200,7785930,2929,2105
8905,124200,7785930,3283,2360
8905,124200,7785930,3626,2545
8905,124200,7785930,3889,2685
8905,124200,7785930,4545,3075
8905,124200,7785930,4848,3150
8905,124200,7785930,5939,3425
8905,124200,7785930,7232,3590
8905,124200,7785930,8869,3725
8905,124200,7785930,11929,4330
8932,125135,7785570,1273,1485
8932,125135,7785570,1542,1515
8932,125135,7785570,1737,1580
8932,125135,7785570,1909,1645
8932,125135,7785570,2131,1775
8932,125135,7785570,2434,1865
8932,125135,7785570,2667,1935
8932,125135,7785570,2879,2060
8932,125135,7785570,3192,2340
8932,125135,7785570,3596,2600
8932,125135,7785570,3997,2820
8932,125135,7785570,4384,2980
8932,125135,7785570,4919,3200
8932,125135,7785570,5889,3405
8932,125135,7785570,7175,3600
8932,125135,7785570,8242,3665
8932,125135,7785570,9939,3890
8932,125135,7785570,11939,4325
8959,126066,7785206,1273,1488
8959,126066,7785206,1455,1500
8959,126066,7785206,1778,1595
8959,126066,7785206,1942,1659
8959,126066,7785206,2093,1736
8959,126066,7785206,2266,1823
8959,126066,7785206,2657,1920
8959,126066,7785206,2899,2080
8959,126066,7785206,3158,2200
8959,126066,7785206,3418,2465
8959,126066,7785206,3623,2610
8959,126066,7785206,3909,2735
8959,126066,7785206,4727,2960
8959,126066,7785206,5172,3060
8959,126066,7785206,5949,3230
8959,126066,7785206,6444,3445
8959,126066,7785206,7333,3645
8959,126066,7785206,8364,3710
8959,126066,7785206,9919,3885
8959,126066,7785206,11939,4325
8985,126998,7784844,1283,1485
8985,126998,7784844,1505,1505
8985,126998,7784844,1710,1565
8985,126998,7784844,1956,1655
8985,126998,7784844,2162,1780
8985,126998,7784844,2485,1890
8985,126998,7784844,2667,1980
8985,126998,7784844,2929,2085
8985,126998,7784844,3192,2225
8985,126998,7784844,3657,2490
8985,126998,7784844,3909,2605
8985,126998,7784844,4444,2855
8985,126998,7784844,5091,3060
8985,126998,7784844,5374,3155
8985,126998,7784844,5929,3305
8985,126998,7784844,6606,3495
8985,126998,7784844,7283,3595
8985,126998,7784844,9232,3795
8985,126998,7784844,11960,4335
9012,127930,7784481,1279,1485
9012,127930,7784481,1542,1515
9012,127930,7784481,1808,1605
9012,127930,7784481,1963,1670
9012,127930,7784481,2162,1770
9012,127930,7784481,2273,1815
9012,127930,7784481,2778,1970
9012,127930,7784481,2949,2065
9012,127930,7784481,3182,2260
9012,127930,7784481,3539,2445
9012,127930,7784481,3747,2660
9012,127930,7784481,4424,3000
9012,127930,7784481,5000,3135
9012,127930,7784481,5960,3210
9012,127930,7784481,6626,3340
9012,127930,7784481,8030,3630
9012,127930,7784481,9384,3830
9012,127930,7784481,11919,4325
9039,128861,7784116,1283,1485
9039,128861,7784116,1515,1510
9039,128861,7784116,1727,1580
9039,128861,7784116,2064,1715
9039,128861,7784116,2152,1775
9039,128861,7784116,2263,1805
9039,128861,7784116,2535,1865
9039,128861,7784116,2778,2025
9039,128861,7784116,3051,2120
9039,128861,7784116,3364,2290
9039,128861,7784116,3818,2550
9039,128861,7784116,4131,2775
9039,128861,7784116,4788,2950
9039,128861,7784116,5040,3050
9039,128861,7784116,5970,3305
9039,128861,7784116,6616,3500
9039,128861,7784116,7848,3695
9039,128861,7784116,9596,3940
9039,128861,7784116,11919,4380
9065,129794,7783754,1293,1485
9065,129794,7783754,1535,1505
9065,129794,7783754,1727,1575
9065,129794,7783754,1889,1625
9065,129794,7783754,2162,1760
9065,129794,7783754,2485,1880
9065,129794,7783754,2838,2005
9065,129794,7783754,3141,2195
9065,129794,7783754,3414,2345
9065,129794,7783754,3879,2560
9065,129794,7783754,4162,2755
9065,129794,7783754,4485,3010
9065,129794,7783754,5111,3175
9065,129794,7783754,5424,3245
9065,129794,7783754,6303,3365
9065,129794,7783754,7030,3500
9065,129794,7783754,8101,3615
9065,129794,7783754,9616,3940
9065,129794,7783754,11949,4395
9092,130729,7783398,1293,1491
9092,130729,7783398,1589,1520
9092,130729,7783398,1811,1625
9092,130729,7783398,2000,1670
9092,130729,7783398,2162,1750
9092,130729,7783398,2340,1820
9092,130729,7783398,2535,1885
9092,130729,7783398,2737,2000
9092,130729,7783398,2879,2080
9092,130729,7783398,3152,2200
9092,130729,7783398,3465,2330
9092,130729,7783398,3798,2455
9092,130729,7783398,4202,2700
9092,130729,7783398,4545,3005
9092,130729,7783398,5212,3255
9092,130729,7783398,6343,3370
9092,130729,7783398,8152,3640
9092,130729,7783398,11949,4450
9119,131663,7783041,1303,1485
9119,131663,7783041,1556,1515
9119,131663,7783041,1747,1585
9119,131663,7783041,1990,1665
9119,131663,7783041,2212,1790
9119,131663,7783041,2579,1885
9119,131663,7783041,2788,1995
9119,131663,7783041,3111,2115
9119,131663,7783041,3303,2270
9119,131663,7783041,3535,2385
9119,131663,7783041,4071,2600
9119,131663,7783041,4253,2750
9119,131663,7783041,4515,2965
9119,131663,7783041,5061,3100
9119,131663,7783041,5313,3180
9119,131663,7783041,5990,3350
9119,131663,7783041,6596,3455
9119,131663,7783041,7667,3645
9119,131663,7783041,9606,4055
9119,131663,7783041,11939,4480
9145,132593,7782677,1283,1485
9145,132593,7782677,1549,1505
9145,132593,7782677,1737,1565
9145,132593,7782677,1845,1615
9145,132593,7782677,1997,1670
9145,132593,7782677,2165,1745
9145,132593,7782677,2350,1810
9145,132593,7782677,2596,1885
9145,132593,7782677,2939,2045
9145,132593,7782677,3182,2205
9145,132593,7782677,3475,2325
9145,132593,7782677,3899,2555
9145,132593,7782677,4444,2895
9145,132593,7782677,5162,3155
9145,132593,7782677,5374,3245
9145,132593,7782677,6485,3520
9145,132593,7782677,7919,3750
9145,132593,7782677,9808,4095
9145,132593,7782677,11949,4495
9172,133523,7782307,1310,1485
9172,133523,7782307,1535,1500
9172,133523,7782307,1808,1590
9172,133523,7782307,1960,1660
9172,133523,7782307,2118,1730
9172,133523,7782307,2242,1805
9172,133523,7782307,2616,1880
9172,133523,7782307,2879,2055
9172,133523,7782307,3283,2270
9172,133523,7782307,3535,2405
9172,133523,7782307,4061,2740
9172,133523,7782307,4687,3040
9172,133523,7782307,4960,3125
9172,133523,7782307,5374,3255
9172,133523,7782307,6253,3480
9172,133523,7782307,7343,3660
9172,133523,7782307,8889,3945
9172,133523,7782307,11960,4520
9199,134460,7781958,1317,1491
9199,134460,7781958,1566,1510
9199,134460,7781958,1747,1570
9199,134460,7781958,1990,1675
9199,134460,7781958,2219,1755
9199,134460,7781958,2394,1805
9199,134460,7781958,2623,1870
9199,134460,7781958,2808,1990
9199,134460,7781958,2943,2060
9199,134460,7781958,3182,2190
9199,134460,7781958,3525,2400
9199,134460,7781958,3727,2550
9199,134460,7781958,4172,2800
9199,134460,7781958,4697,3075
9199,134460,7781958,5414,3255
9199,134460,7781958,5980,3360
9199,134460,7781958,6707,3530
9199,134460,7781958,7970,3790
9199,134460,7781958,9212,3955
9199,134460,7781958,11970,4495
9225,135388,7781586,1333,1485
9225,135388,7781586,1545,1510
9225,135388,7781586,1717,1560
9225,135388,7781586,1855,1610
9225,135388,7781586,2071,1685
9225,135388,7781586,2404,1810
9225,135388,7781586,2717,1895
9225,135388,7781586,2953,2035
9225,135388,7781586,3162,2145
9225,135388,7781586,3308,2245
9225,135388,7781586,3532,2400
9225,135388,7781586,3788,2545
9225,135388,7781586,4101,2735
9225,135388,7781586,4747,3000
9225,135388,7781586,4939,3100
9225,135388,7781586,5182,3145
9225,135388,7781586,5465,3210
9225,135388,7781586,6566,3355
9225,135388,7781586,7323,3515
9225,135388,7781586,8788,3755
9225,135388,7781586,10242,4005
9225,135388,7781586,11960,4335
9252,136321,7781225,1333,1485
9252,136321,7781225,1556,1505
9252,136321,7781225,1717,1560
9252,136321,7781225,1879,1605
9252,136321,7781225,2020,1675
9252,136321,7781225,2229,1750
9252,136321,7781225,2657,1890
9252,136321,7781225,2835,1950
9252,136321,7781225,3010,2050
9252,136321,7781225,3232,2160
9252,136321,7781225,3391,2265
9252,136321,7781225,3687,2450
9252,136321,7781225,4242,2800
9252,136321,7781225,4717,3055
9252,136321,7781225,5424,3255
9252,136321,7781225,6838,3390
9252,136321,7781225,8788,3650
9252,136321,7781225,9707,3760
9252,136321,7781225,11970,4255
9279,137257,7780873,1333,1485
9279,137257,7780873,1549,1510
9279,137257,7780873,1717,1555
9279,137257,7780873,1856,1596
9279,137257,7780873,2037,1674
9279,137257,7780873,2199,1746
9279,137257,7780873,2380,1790
9279,137257,7780873,2688,1903
9279,137257,7780873,2879,1980
9279,137257,7780873,3040,2050
9279,137257,7780873,3394,2280
9279,137257,7780873,3626,2370
9279,137257,7780873,3869,2505
9279,137257,7780873,4222,2720
9279,137257,7780873,4697,3000
9279,137257,7780873,4846,3114
9279,137257,7780873,5030,3200
9279,137257,7780873,5283,3300
9279,137257,7780873,5815,3305
9279,137257,7780873,6724,3445
9279,137257,7780873,8465,3600
9279,137257,7780873,9879,3850
9279,137257,7780873,11929,4265
9305,138192,7780520,1343,1485
9305,138192,7780520,1556,1500
9305,138192,7780520,1744,1560
9305,138192,7780520,1869,1610
9305,138192,7780520,2071,1680
9305,138192,7780520,2229,1735
9305,138192,7780520,2424,1805
9305,138192,7780520,2576,1890
9305,138192,7780520,3061,2100
9305,138192,7780520,3303,2250
9305,138192,7780520,3667,2435
9305,138192,7780520,4040,2655
9305,138192,7780520,4343,2860
9305,138192,7780520,4929,3175
9305,138192,7780520,5232,3330
9305,138192,7780520,5758,3405
9305,138192,7780520,6475,3500
9305,138192,7780520,7374,3565
9305,138192,7780520,8768,3745
9305,138192,7780520,10556,3995
9305,138192,7780520,11949,4265
9332,139121,7780151,1343,1485
9332,139121,7780151,1584,1514
9332,139121,7780151,1838,1590
9332,139121,7780151,2111,1695
9332,139121,7780151,2475,1815
9332,139121,7780151,2737,1905
9332,139121,7780151,2939,2020
9332,139121,7780151,3112,2109
9332,139121,7780151,3424,2255
9332,139121,7780151,3605,2344
9332,139121,7780151,3949,2590
9332,139121,7780151,4300,2805
9332,139121,7780151,4687,3090
9332,139121,7780151,5303,3250
9332,139121,7780151,5909,3405
9332,139121,7780151,6677,3545
9332,139121,7780151,8364,3675
9332,139121,7780151,9859,3945
9332,139121,7780151,11939,4335
9359,140054,7779792,1364,1485
9359,140054,7779792,1576,1500
9359,140054,7779792,1721,1530
9359,140054,7779792,1838,1595
9359,140054,7779792,2074,1655
9359,140054,7779792,2219,1750
9359,140054,7779792,2505,1820
9359,140054,7779792,2734,1905
9359,140054,7779792,2960,2010
9359,140054,7779792,3212,2095
9359,140054,7779792,3495,2290
9359,140054,7779792,3798,2605
9359,140054,7779792,4162,2795
9359,140054,7779792,4576,3070
9359,140054,7779792,5131,3355
9359,140054,7779792,5626,3460
9359,140054,7779792,6596,3555
9359,140054,7779792,7919,3700
9359,140054,7779792,9394,3900
9359,140054,7779792,11960,4370
9385,140991,7779441,1364,1485
9385,140991,7779441,1589,1505
9385,140991,7779441,1825,1575
9385,140991,7779441,2051,1670
9385,140991,7779441,2229,1765
9385,140991,7779441,2525,1850
9385,140991,7779441,2744,1935
9385,140991,7779441,2960,2010
9385,140991,7779441,3202,2160
9385,140991,7779441,3613,2399
9385,140991,7779441,3939,2665
9385,140991,7779441,4141,2825
9385,140991,7779441,4646,3105
9385,140991,7779441,5010,3255
9385,140991,7779441,5616,3450
9385,140991,7779441,5859,3510
9385,140991,7779441,7323,3635
9385,140991,7779441,7919,3675
9385,140991,7779441,8737,3840
9385,140991,7779441,10303,4070
9385,140991,7779441,11939,4380
9412,141919,7779073,1384,1485
9412,141919,7779073,1586,1505
9412,141919,7779073,1724,1545
9412,141919,7779073,1899,1610
9412,141919,7779073,2081,1665
9412,141919,7779073,2283,1760
9412,141919,7779073,2657,1905
9412,141919,7779073,3020,2045
9412,141919,7779073,3384,2350
9412,141919,7779073,4162,2745
9412,141919,7779073,4707,3085
9412,141919,7779073,5808,3535
9412,141919,7779073,7030,3800
9412,141919,7779073,7697,3855
9412,141919,7779073,9535,4040
9412,141919,7779073,11949,4470
9439,142852,7778712,1394,1485
9439,142852,7778712,1606,1510
9439,142852,7778712,1778,1550
9439,142852,7778712,2010,1630
9439,142852,7778712,2242,1755
9439,142852,7778712,2451,1805
9439,142852,7778712,2620,1890
9439,142852,7778712,2772,1920
9439,142852,7778712,3010,1990
9439,142852,7778712,3263,2250
9439,142852,7778712,3455,2460
9439,142852,7778712,3768,2605
9439,142852,7778712,4010,2705
9439,142852,7778712,4515,2920
9439,142852,7778712,5111,3125
9439,142852,7778712,5495,3260
9439,142852,7778712,6404,3505
9439,142852,7778712,8081,3790
9439,142852,7778712,9293,3960
9439,142852,7778712,11949,4470
9465,143786,7778356,1404,1485
9465,143786,7778356,1636,1505
9465,143786,7778356,1771,1535
9465,143786,7778356,1902,1585
9465,143786,7778356,2101,1645
9465,143786,7778356,2283,1745
9465,143786,7778356,2458,1790
9465,143786,7778356,2778,1900
9465,143786,7778356,2949,1975
9465,143786,7778356,3374,2195
9465,143786,7778356,3626,2345
9465,143786,7778356,3899,2450
9465,143786,7778356,4172,2545
9465,143786,7778356,4798,2905
9465,143786,7778356,5131,3000
9465,143786,7778356,5939,3205
9465,143786,7778356,6818,3525
9465,143786,7778356,8424,3845
9465,143786,7778356,10323,4110
9465,143786,7778356,11960,4400
9492,144717,7777991,1414,1485
9492,144717,7777991,1557,1490
9492,144717,7777991,1707,1525
9492,144717,7777991,1869,1575
9492,144717,7777991,2101,1650
9492,144717,7777991,2283,1750
9492,144717,7777991,2438,1788
9492,144717,7777991,2556,1855
9492,144717,7777991,2758,1895
9492,144717,7777991,3141,2060
9492,144717,7777991,3465,2200
9492,144717,7777991,3717,2350
9492,144717,7777991,4051,2545
9492,144717,7777991,4293,2785
9492,144717,7777991,4828,3035
9492,144717,7777991,5364,3155
9492,144717,7777991,5667,3224
9492,144717,7777991,6586,3405
9492,144717,7777991,7545,3605
9492,144717,7777991,9030,3855
9492,144717,7777991,11970,4445
9519,145650,7777630,1417,1488
9519,145650,7777630,1609,1495
9519,145650,7777630,1717,1525
9519,145650,7777630,1892,1570
9519,145650,7777630,2135,1670
9519,145650,7777630,2263,1750
9519,145650,7777630,2545,1855
9519,145650,7777630,2798,1905
9519,145650,7777630,2970,1980
9519,145650,7777630,3202,2145
9519,145650,7777630,3508,2305
9519,145650,7777630,3758,2500
9519,145650,7777630,4061,2665
9519,145650,7777630,4444,2900
9519,145650,7777630,4636,3005
9519,145650,7777630,4960,3065
9519,145650,7777630,5606,3150
9519,145650,7777630,6293,3240
9519,145650,7777630,7131,3355
9519,145650,7777630,8101,3550
9519,145650,7777630,10192,3990
9519,145650,7777630,11939,4345
9545,146579,7777262,1424,1485
9545,146579,7777262,1616,1500
9545,146579,7777262,1758,1530
9545,146579,7777262,1879,1572
9545,146579,7777262,2051,1619
9545,146579,7777262,2242,1705
9545,146579,7777262,2414,1800
9545,146579,7777262,2697,1865
9545,146579,7777262,2909,1970
9545,146579,7777262,3121,2065
9545,146579,7777262,3367,2215
9545,146579,7777262,3535,2360
9545,146579,7777262,3899,2545
9545,146579,7777262,4333,2800
9545,146579,7777262,4869,2900
9545,146579,7777262,5293,3010
9545,146579,7777262,5919,3235
9545,146579,7777262,7111,3420
9545,146579,7777262,8879,3660
9545,146579,7777262,10596,3970
9545,146579,7777262,11939,4245
9572,147513,7776904,1455,1485
9572,147513,7776904,1633,1500
9572,147513,7776904,1764,1545
9572,147513,7776904,1933,1590
9572,147513,7776904,2101,1630
9572,147513,7776904,2273,1725
9572,147513,7776904,2576,1850
9572,147513,7776904,2808,1925
9572,147513,7776904,3010,1990
9572,147513,7776904,3192,2095
9572,147513,7776904,3313,2155
9572,147513,7776904,3586,2375
9572,147513,7776904,3828,2490
9572,147513,7776904,4182,2650
9572,147513,7776904,4380,2755
9572,147513,7776904,4727,2855
9572,147513,7776904,5081,3045
9572,147513,7776904,5414,3200
9572,147513,7776904,5788,3275
9572,147513,7776904,6515,3380
9572,147513,7776904,7697,3560
9572,147513,7776904,9172,3805
9572,147513,7776904,10354,4005
9572,147513,7776904,11929,4325
9599,148445,7776541,1475,1485
9599,148445,7776541,1643,1502
9599,148445,7776541,1838,1545
9599,148445,7776541,2081,1640
9599,148445,7776541,2293,1725
9599,148445,7776541,2586,1845
9599,148445,7776541,2859,1940
9599,148445,7776541,3051,2005
9599,148445,7776541,3283,2195
9599,148445,7776541,3616,2455
9599,148445,7776541,4222,2755
9599,148445,7776541,4737,3035
9599,148445,7776541,5394,3300
9599,148445,7776541,6889,3445
9599,148445,7776541,7667,3605
9599,148445,7776541,8778,3755
9599,148445,7776541,10091,3990
9599,148445,7776541,11949,4335
9625,149383,7776193,1455,1485
9625,149383,7776193,1649,1502
9625,149383,7776193,1818,1545
9625,149383,7776193,1946,1590
9625,149383,7776193,2121,1655
9625,149383,7776193,2276,1725
9625,149383,7776193,2559,1810
9625,149383,7776193,2774,1895
9625,149383,7776193,2970,2000
9625,149383,7776193,3303,2205
9625,149383,7776193,3596,2365
9625,149383,7776193,4000,2550
9625,149383,7776193,4253,2715
9625,149383,7776193,4727,2980
9625,149383,7776193,5131,3205
9625,149383,7776193,5774,3350
9625,149383,7776193,6202,3410
9625,149383,7776193,7101,3535
9625,149383,7776193,8313,3765
9625,149383,7776193,9667,3985
9625,149383,7776193,11960,4435
9652,150314,7775829,1465,1485
9652,150314,7775829,1667,1505
9652,150314,7775829,1880,1570
9652,150314,7775829,2097,1630
9652,150314,7775829,2242,1710
9652,150314,7775829,2586,1795
9652,150314,7775829,2879,1920
9652,150314,7775829,3111,2005
9652,150314,7775829,3374,2150
9652,150314,7775829,3677,2355
9652,150314,7775829,3909,2500
9652,150314,7775829,4232,2705
9652,150314,7775829,4768,2995
9652,150314,7775829,5061,3160
9652,150314,7775829,5798,3420
9652,150314,7775829,7717,3720
9652,150314,7775829,9737,4050
9652,150314,7775829,11929,4470
9679,151248,7775473,1455,1485
9679,151248,7775473,1646,1500
9679,151248,7775473,1783,1533
9679,151248,7775473,1919,1565
9679,151248,7775473,2112,1643
9679,151248,7775473,2283,1730
9679,151248,7775473,2687,1860
9679,151248,7775473,2896,1930
9679,151248,7775473,3101,2010
9679,151248,7775473,3515,2215
9679,151248,7775473,3677,2260
9679,151248,7775473,4010,2505
9679,151248,7775473,4465,2780
9679,151248,7775473,4778,2990
9679,151248,7775473,5202,3280
9679,151248,7775473,5798,3395
9679,151248,7775473,6909,3585
9679,151248,7775473,7808,3760
9679,151248,7775473,9323,4000
9679,151248,7775473,11909,4470
9705,152181,7775113,1465,1485
9705,152181,7775113,1667,1500
9705,152181,7775113,1875,1547
9705,152181,7775113,2092,1620
9705,152181,7775113,2303,1735
9705,152181,7775113,2667,1850
9705,152181,7775113,2899,1935
9705,152181,7775113,3061,1995
9705,152181,7775113,3189,2075
9705,152181,7775113,3424,2225
9705,152181,7775113,3697,2460
9705,152181,7775113,4010,2685
9705,152181,7775113,4303,2975
9705,152181,7775113,5162,3295
9705,152181,7775113,5707,3420
9705,152181,7775113,6788,3665
9705,152181,7775113,7949,3795
9705,152181,7775113,10222,4090
9705,152181,7775113,11960,4410
9732,153110,7774744,1465,1493
9732,153110,7774744,1687,1505
9732,153110,7774744,1808,1530
9732,153110,7774744,1951,1579
9732,153110,7774744,2108,1625
9732,153110,7774744,2300,1725
9732,153110,7774744,2532,1815
9732,153110,7774744,2717,1860
9732,153110,7774744,2916,1935
9732,153110,7774744,3162,2055
9732,153110,7774744,3451,2245
9732,153110,7774744,3717,2510
9732,153110,7774744,3899,2620
9732,153110,7774744,4253,2750
9732,153110,7774744,4768,3050
9732,153110,7774744,5192,3305
9732,153110,7774744,6253,3505
9732,153110,7774744,7293,3635
9732,153110,7774744,9081,3905
9732,153110,7774744,10616,4115
9732,153110,7774744,11980,4380
9759,154048,7774396,1465,1485
9759,154048,7774396,1697,1505
9759,154048,7774396,1869,1555
9759,154048,7774396,2107,1629
9759,154048,7774396,2293,1705
9759,154048,7774396,2589,1805
9759,154048,7774396,2899,1935
9759,154048,7774396,3141,2105
9759,154048,7774396,3616,2295
9759,154048,7774396,4121,2500
9759,154048,7774396,4394,2700
9759,154048,7774396,4626,2900
9759,154048,7774396,4889,3080
9759,154048,7774396,5414,3260
9759,154048,7774396,6303,3460
9759,154048,7774396,8071,3745
9759,154048,7774396,10111,4025
9759,154048,7774396,11990,4360
9785,154977,7774029,1475,1485
9785,154977,7774029,1727,1515
9785,154977,7774029,1869,1550
9785,154977,7774029,2040,1610
9785,154977,7774029,2141,1655
9785,154977,7774029,2192,1675
9785,154977,7774029,2525,1795
9785,154977,7774029,2791,1865
9785,154977,7774029,3030,1980
9785,154977,7774029,3172,2065
9785,154977,7774029,3424,2215
9785,154977,7774029,3717,2410
9785,154977,7774029,4020,2600
9785,154977,7774029,4737,3010
9785,154977,7774029,5152,3135
9785,154977,7774029,5475,3315
9785,154977,7774029,6313,3460
9785,154977,7774029,7505,3660
9785,154977,7774029,9859,3990
9785,154977,7774029,11939,4395
9812,155928,7773710,1485,1495
9812,155928,7773710,1704,1510
9812,155928,7773710,1838,1550
9812,155928,7773710,2128,1630
9812,155928,7773710,2242,1685
9812,155928,7773710,2386,1741
9812,155928,7773710,2556,1800
9812,155928,7773710,2824,1887
9812,155928,7773710,3081,1980
9812,155928,7773710,3242,2125
9812,155928,7773710,3374,2240
9812,155928,7773710,3576,2435
9812,155928,7773710,3848,2695
9812,155928,7773710,4071,2810
9812,155928,7773710,4455,2915
9812,155928,7773710,4970,3040
9812,155928,7773710,5384,3130
9812,155928,7773710,5879,3400
9812,155928,7773710,6239,3440
9812,155928,7773710,7384,3550
9812,155928,7773710,8414,3750
9812,155928,7773710,10010,4000
9812,155928,7773710,11970,4375
9839,156849,7773322,1485,1490
9839,156849,7773322,1737,1515
9839,156849,7773322,1929,1570
9839,156849,7773322,2141,1630
9839,156849,7773322,2340,1730
9839,156849,7773322,2525,1770
9839,156849,7773322,2919,1905
9839,156849,7773322,3081,1980
9839,156849,7773322,3508,2250
9839,156849,7773322,3788,2410
9839,156849,7773322,4061,2600
9839,156849,7773322,4333,2755
9839,156849,7773322,4811,3000
9839,156849,7773322,5051,3205
9839,156849,7773322,5485,3340
9839,156849,7773322,5960,3415
9839,156849,7773322,6535,3480
9839,156849,7773322,7758,3580
9839,156849,7773322,8677,3695
9839,156849,7773322,9879,3885
9839,156849,7773322,11929,4295
9865,157773,7772940,1465,1485
9865,157773,7772940,1636,1511
9865,157773,7772940,1797,1539
9865,157773,7772940,2108,1620
9865,157773,7772940,2364,1735
9865,157773,7772940,2646,1830
9865,157773,7772940,3000,1945
9865,157773,7772940,3303,2115
9865,157773,7772940,3519,2220
9865,157773,7772940,3727,2400
9865,157773,7772940,4030,2600
9865,157773,7772940,4374,2795
9865,157773,7772940,4646,2935
9865,157773,7772940,4808,3000
9865,157773,7772940,5067,3065
9865,157773,7772940,5556,3225
9865,157773,7772940,6657,3410
9865,157773,7772940,7707,3555
9865,157773,7772940,9899,3820
9865,157773,7772940,11939,4250
9892,158704,7772577,1485,1485
9892,158704,7772577,1716,1508
9892,158704,7772577,1869,1545
9892,158704,7772577,1990,1591
9892,158704,7772577,2246,1685
9892,158704,7772577,2380,1740
9892,158704,7772577,2535,1810
9892,158704,7772577,2737,1850
9892,158704,7772577,2899,1945
9892,158704,7772577,3010,2000
9892,158704,7772577,3192,2100
9892,158704,7772577,3515,2290
9892,158704,7772577,3677,2400
9892,158704,7772577,4131,2555
9892,158704,7772577,4414,2705
9892,158704,7772577,4616,2800
9892,158704,7772577,4818,2865
9892,158704,7772577,5374,3035
9892,158704,7772577,5677,3145
9892,158704,7772577,6242,3305
9892,158704,7772577,6566,3370
9892,158704,7772577,7636,3540
9892,158704,7772577,9758,3805
9892,158704,7772577,11929,4290
9919,159637,7772216,1465,1485
9919,159637,7772216,1640,1505
9919,159637,7772216,1909,1550
9919,159637,7772216,2141,1625
9919,159637,7772216,2347,1707
9919,159637,7772216,2522,1797
9919,159637,7772216,2686,1834
9919,159637,7772216,2889,1915
9919,159637,7772216,3052,1994
9919,159637,7772216,3263,2105
9919,159637,7772216,3737,2400
9919,159637,7772216,4162,2670
9919,159637,7772216,4389,2766
9919,159637,7772216,4862,3005
9919,159637,7772216,5343,3120
9919,159637,7772216,6121,3250
9919,159637,7772216,7212,3495
9919,159637,7772216,8293,3625
9919,159637,7772216,9717,3775
9919,159637,7772216,11929,4240
9945,160573,7771863,1465,1485
9945,160573,7771863,1710,1507
9945,160573,7771863,1909,1560
9945,160573,7771863,2141,1630
9945,160573,7771863,2354,1710
9945,160573,7771863,2505,1770
9945,160573,7771863,2808,1850
9945,160573,7771863,3020,1955
9945,160573,7771863,3222,2035
9945,160573,7771863,3475,2220
9945,160573,7771863,3838,2445
9945,160573,7771863,4040,2550
9945,160573,7771863,4343,2690
9945,160573,7771863,4818,2850
9945,160573,7771863,5212,3045
9945,160573,7771863,5455,3140
9945,160573,7771863,6293,3285
9945,160573,7771863,8152,3550
9945,160573,7771863,9343,3735
9945,160573,7771863,11889,4275
9972,161507,7771507,1475,1485
9972,161507,7771507,1654,1504
9972,161507,7771507,1788,1525
9972,161507,7771507,1924,1570
9972,161507,7771507,2093,1631
9972,161507,7771507,2283,1690
9972,161507,7771507,2596,1820
9972,161507,7771507,2798,1860
9972,161507,7771507,2990,1910
9972,161507,7771507,3182,2025
9972,161507,7771507,3384,2176
9972,161507,7771507,3636,2300
9972,161507,7771507,3859,2405
9972,161507,7771507,4071,2530
9972,161507,7771507,4364,2700
9972,161507,7771507,4859,2950
9972,161507,7771507,5465,3150
9972,161507,7771507,6111,3320
9972,161507,7771507,6515,3455
9972,161507,7771507,6838,3495
9972,161507,7771507,8374,3730
9972,161507,7771507,9899,3970
9972,161507,7771507,11949,4360
9999,162436,7771137,1465,1485
9999,162436,7771137,1636,1490
9999,162436,7771137,1768,1515
9999,162436,7771137,2032,1599
9999,162436,7771137,2175,1658
9999,162436,7771137,2300,1708
9999,162436,7771137,2525,1780
9999,162436,7771137,2694,1835
9999,162436,7771137,2828,1855
9999,162436,7771137,3061,1955
9999,162436,7771137,3313,2125
9999,162436,7771137,3606,2280
9999,162436,7771137,3889,2450
9999,162436,7771137,4084,2545
9999,162436,7771137,4354,2745
9999,162436,7771137,4667,2930
9999,162436,7771137,4902,3000
9999,162436,7771137,5229,3100
9999,162436,7771137,5485,3150
9999,162436,7771137,5970,3260
9999,162436,7771137,6707,3495
9999,162436,7771137,8889,3780
9999,162436,7771137,9869,3950
9999,162436,7771137,11929,4355
10025,163363,7770761,1475,1485
10025,163363,7770761,1648,1510
10025,163363,7770761,1801,1525
10025,163363,7770761,2051,1600
10025,163363,7770761,2280,1713
10025,163363,7770761,2596,1760
10025,163363,7770761,2818,1845
10025,163363,7770761,3071,1955
10025,163363,7770761,3323,2100
10025,163363,7770761,3657,2310
10025,163363,7770761,3909,2470
10025,163363,7770761,4253,2650
10025,163363,7770761,4667,2905
10025,163363,7770761,5091,2980
10025,163363,7770761,5556,3070
10025,163363,7770761,6121,3210
10025,163363,7770761,7434,3555
10025,163363,7770761,8192,3700
10025,163363,7770761,10192,3960
10025,163363,7770761,11949,4300
10052,164296,7770399,1465,1485
10052,164296,7770399,1657,1507
10052,164296,7770399,1821,1533
10052,164296,7770399,1949,1560
10052,164296,7770399,2114,1625
10052,164296,7770399,2253,1685
10052,164296,7770399,2404,1720
10052,164296,7770399,2593,1775
10052,164296,7770399,2798,1840
10052,164296,7770399,3172,1940
10052,164296,7770399,3384,2110
10052,164296,7770399,3721,2260
10052,164296,7770399,3933,2400
10052,164296,7770399,4253,2555
10052,164296,7770399,4354,2585
10052,164296,7770399,4697,2750
10052,164296,7770399,4889,2825
10052,164296,7770399,5455,3050
10052,164296,7770399,6061,3255
10052,164296,7770399,6889,3380
10052,164296,7770399,8242,3635
10052,164296,7770399,10010,3905
10052,164296,7770399,11960,4290
10079,165238,7770060,1475,1485
10079,165238,7770060,1804,1519
10079,165238,7770060,1956,1565
10079,165238,7770060,2141,1620
10079,165238,7770060,2343,1690
10079,165238,7770060,2545,1755
10079,165238,7770060,2744,1826
10079,165238,7770060,2889,1850
10079,165238,7770060,3071,1895
10079,165238,7770060,3263,1970
10079,165238,7770060,3444,2150
10079,165238,7770060,3747,2320
10079,165238,7770060,4081,2465
10079,165238,7770060,4242,2605
10079,165238,7770060,4727,2795
10079,165238,7770060,4949,2975
10079,165238,7770060,5192,3050
10079,165238,7770060,5545,3085
10079,165238,7770060,5980,3135
10079,165238,7770060,7162,3345
10079,165238,7770060,7737,3440
10079,165238,7770060,9253,3695
10079,165238,7770060,11980,4285
10105,166165,7769686,1485,1485
10105,166165,7769686,1646,1490
10105,166165,7769686,1808,1525
10105,166165,7769686,2044,1605
10105,166165,7769686,2182,1650
10105,166165,7769686,2434,1705
10105,166165,7769686,2555,1749
10105,166165,7769686,2774,1810
10105,166165,7769686,2929,1855
10105,166165,7769686,3162,1945
10105,166165,7769686,3364,2100
10105,166165,7769686,3620,2255
10105,166165,7769686,3818,2440
10105,166165,7769686,4333,2745
10105,166165,7769686,4949,2980
10105,166165,7769686,5434,3090
10105,166165,7769686,6798,3270
10105,166165,7769686,8909,3620
10105,166165,7769686,11970,4305
10132,167097,7769325,1485,1485
10132,167097,7769325,1667,1500
10132,167097,7769325,1912,1545
10132,167097,7769325,2131,1620
10132,167097,7769325,2377,1688
10132,167097,7769325,2623,1720
10132,167097,7769325,2758,1765
10132,167097,7769325,2949,1820
10132,167097,7769325,3121,1885
10132,167097,7769325,3279,1985
10132,167097,7769325,3404,2095
10132,167097,7769325,3672,2275
10132,167097,7769325,3828,2355
10132,167097,7769325,4232,2555
10132,167097,7769325,4424,2695
10132,167097,7769325,4609,2840
10132,167097,7769325,4838,2960
10132,167097,7769325,5212,3090
10132,167097,7769325,5566,3220
10132,167097,7769325,6293,3385
10132,167097,7769325,8232,3600
10132,167097,7769325,9677,3830
10132,167097,7769325,11939,4300
10159,168026,7768953,1485,1485
10159,168026,7768953,1593,1515
10159,168026,7768953,1788,1520
10159,168026,7768953,1909,1545
10159,168026,7768953,2091,1605
10159,168026,7768953,2249,1650
10159,168026,7768953,2475,1690
10159,168026,7768953,2667,1750
10159,168026,7768953,2929,1800
10159,168026,7768953,3172,1930
10159,168026,7768953,3414,2110
10159,168026,7768953,3667,2265
10159,168026,7768953,3859,2380
10159,168026,7768953,4061,2510
10159,168026,7768953,4182,2590
10159,168026,7768953,4626,2900
10159,168026,7768953,5303,3095
10159,168026,7768953,6505,3340
10159,168026,7768953,6929,3400
10159,168026,7768953,8293,3665
10159,168026,7768953,9869,3870
10159,168026,7768953,11939,4300
10185,168959,7768591,1481,1485
10185,168959,7768591,1815,1525
10185,168959,7768591,2061,1590
10185,168959,7768591,2234,1640
10185,168959,7768591,2394,1673
10185,168959,7768591,2570,1717
10185,168959,7768591,2848,1780
10185,168959,7768591,2970,1853
10185,168959,7768591,3212,1915
10185,168959,7768591,3492,2098
10185,168959,7768591,3711,2255
10185,168959,7768591,4061,2480
10185,168959,7768591,4303,2590
10185,168959,7768591,4495,2725
10185,168959,7768591,4737,2905
10185,168959,7768591,5141,3140
10185,168959,7768591,6263,3305
10185,168959,7768591,7455,3500
10185,168959,7768591,8919,3755
10185,168959,7768591,10222,3925
10185,168959,7768591,11919,4280
10212,169892,7768232,1478,1490
10212,169892,7768232,1633,1505
10212,169892,7768232,1811,1520
10212,169892,7768232,2030,1575
10212,169892,7768232,2279,1650
10212,169892,7768232,2569,1705
10212,169892,7768232,2879,1800
10212,169892,7768232,3178,1920
10212,169892,7768232,3306,1980
10212,169892,7768232,3505,2100
10212,169892,7768232,3707,2225
10212,169892,7768232,4081,2465
10212,169892,7768232,4475,2690
10212,169892,7768232,4707,2910
10212,169892,7768232,5212,3165
10212,169892,7768232,6424,3340
10212,169892,7768232,7818,3550
10212,169892,7768232,10202,3925
10212,169892,7768232,11939,4275
